{"type":"FeatureCollection","features":[{"type":"Feature","properties":{"nr":"1","dzielnica":"Dzielnica I"},"geometry":{"type":"Polygon","coordinates":[[[19.94946,50.05382],[19.95334,50.05065],[19.95382,50.05086],[19.95466,50.05011],[19.94922,50.04721],[19.94503,50.04545],[19.944,50.0465],[19.94316,50.04897],[19.94371,50.04952],[19.94404,50.04958],[19.94453,50.04932],[19.94752,50.04997],[19.94706,50.05087],[19.94726,50.05098],[19.94723,50.05121],[19.94771,50.05115],[19.94818,50.05012],[19.94963,50.05044],[19.94898,50.05264],[19.94937,50.05274],[19.9484,50.05366],[19.94946,50.05382]]]}},{"type":"Feature","properties":{"nr":"2","dzielnica":"Dzielnica I"},"geometry":{"type":"Polygon","coordinates":[[[19.94571,50.05412],[19.94716,50.05099],[19.9464,50.05071],[19.94697,50.04986],[19.94453,50.04932],[19.94404,50.04958],[19.94371,50.04952],[19.94316,50.04897],[19.94244,50.05073],[19.94269,50.05116],[19.94163,50.05175],[19.94446,50.05517],[19.94571,50.05412]]]}},{"type":"Feature","properties":{"nr":"3","dzielnica":"Dzielnica I"},"geometry":{"type":"Polygon","coordinates":[[[19.9474,50.05795],[19.94799,50.05609],[19.94785,50.05553],[19.94834,50.05547],[19.94905,50.05441],[19.94893,50.05407],[19.94932,50.05391],[19.9484,50.05366],[19.94937,50.05274],[19.94898,50.05264],[19.94963,50.05044],[19.94818,50.05012],[19.94771,50.05115],[19.94723,50.05121],[19.94726,50.05098],[19.94706,50.05087],[19.94752,50.04997],[19.94697,50.04986],[19.9464,50.05071],[19.94716,50.05099],[19.94625,50.05315],[19.94571,50.05412],[19.94446,50.05517],[19.94683,50.05819],[19.94734,50.05845],[19.9474,50.05795]]]}},{"type":"Feature","properties":{"nr":"4","dzielnica":"Dzielnica I"},"geometry":{"type":"Polygon","coordinates":[[[19.94388,50.0469],[19.944,50.0465],[19.94503,50.04545],[19.94276,50.04488],[19.94034,50.04491],[19.93874,50.04532],[19.9378,50.04578],[19.93539,50.04819],[19.94082,50.04991],[19.94147,50.05068],[19.94244,50.05073],[19.94388,50.0469]]]}},{"type":"Feature","properties":{"nr":"5","dzielnica":"Dzielnica I"},"geometry":{"type":"Polygon","coordinates":[[[19.93432,50.0496],[19.93647,50.05024],[19.94036,50.05084],[19.94163,50.05175],[19.94246,50.05135],[19.94273,50.05102],[19.94244,50.05073],[19.94147,50.05068],[19.94082,50.04991],[19.93539,50.04819],[19.93432,50.0496]]]}},{"type":"Feature","properties":{"nr":"6","dzielnica":"Dzielnica I"},"geometry":{"type":"Polygon","coordinates":[[[19.94121,50.06043],[19.9421,50.05956],[19.94104,50.05879],[19.93991,50.05471],[19.93918,50.05409],[19.94163,50.05175],[19.94036,50.05084],[19.93647,50.05024],[19.93432,50.0496],[19.93182,50.05367],[19.933,50.05397],[19.9335,50.05501],[19.93486,50.0553],[19.93322,50.05882],[19.93472,50.05936],[19.93603,50.05946],[19.93718,50.05912],[19.93785,50.05913],[19.93768,50.06017],[19.93852,50.06005],[19.93868,50.06031],[19.93851,50.06043],[19.93891,50.06073],[19.93853,50.06095],[19.93869,50.06117],[19.94121,50.06043]]]}},{"type":"Feature","properties":{"nr":"7","dzielnica":"Dzielnica I"},"geometry":{"type":"Polygon","coordinates":[[[19.94543,50.05641],[19.94163,50.05175],[19.93918,50.05409],[19.93991,50.05471],[19.94104,50.05879],[19.9421,50.05956],[19.94543,50.05641]]]}},{"type":"Feature","properties":{"nr":"8","dzielnica":"Dzielnica I"},"geometry":{"type":"Polygon","coordinates":[[[19.9421,50.05956],[19.94374,50.06074],[19.94563,50.05981],[19.94748,50.05969],[19.94752,50.05856],[19.94683,50.05819],[19.94543,50.05641],[19.9421,50.05956]]]}},{"type":"Feature","properties":{"nr":"9","dzielnica":"Dzielnica I"},"geometry":{"type":"Polygon","coordinates":[[[19.93919,50.06203],[19.942,50.0656],[19.94342,50.06509],[19.94376,50.06481],[19.94492,50.06456],[19.94739,50.06484],[19.94748,50.06158],[19.94764,50.06128],[19.94744,50.06115],[19.94759,50.06072],[19.94729,50.05978],[19.94748,50.05969],[19.94563,50.05981],[19.94374,50.06074],[19.9421,50.05956],[19.94121,50.06043],[19.93869,50.06117],[19.93893,50.06144],[19.93856,50.06162],[19.93919,50.06203]]]}},{"type":"Feature","properties":{"nr":"10","dzielnica":"Dzielnica I"},"geometry":{"type":"Polygon","coordinates":[[[19.94072,50.06608],[19.942,50.0656],[19.93919,50.06203],[19.93856,50.06162],[19.93893,50.06144],[19.93853,50.06095],[19.93891,50.06073],[19.93851,50.06043],[19.93868,50.06031],[19.93852,50.06005],[19.93768,50.06017],[19.93785,50.05913],[19.93718,50.05912],[19.93603,50.05946],[19.93472,50.05936],[19.93322,50.05882],[19.93175,50.06194],[19.93201,50.06258],[19.93606,50.06617],[19.93988,50.06629],[19.94072,50.06608]]]}},{"type":"Feature","properties":{"nr":"11","dzielnica":"Dzielnica I"},"geometry":{"type":"Polygon","coordinates":[[[19.92802,50.05539],[19.93068,50.05762],[19.93322,50.05882],[19.93486,50.0553],[19.9335,50.05501],[19.933,50.05397],[19.93182,50.05367],[19.93138,50.0542],[19.93076,50.05437],[19.92981,50.05445],[19.92849,50.05417],[19.9279,50.05492],[19.92805,50.055],[19.92802,50.05539]]]}},{"type":"Feature","properties":{"nr":"12","dzielnica":"Dzielnica I"},"geometry":{"type":"Polygon","coordinates":[[[19.92962,50.06058],[19.93021,50.06024],[19.93021,50.06051],[19.93103,50.06063],[19.9324,50.0605],[19.93322,50.05882],[19.93068,50.05762],[19.92802,50.05539],[19.92746,50.05582],[19.92538,50.05945],[19.92787,50.05985],[19.92788,50.06009],[19.92893,50.06055],[19.92962,50.06058]]]}},{"type":"Feature","properties":{"nr":"13","dzielnica":"Dzielnica I"},"geometry":{"type":"Polygon","coordinates":[[[19.92761,50.06157],[19.92739,50.06038],[19.92787,50.05985],[19.92538,50.05945],[19.92551,50.05922],[19.92377,50.0625],[19.92491,50.06571],[19.9274,50.06518],[19.92804,50.0634],[19.92766,50.06328],[19.92761,50.06157]]]}},{"type":"Feature","properties":{"nr":"14","dzielnica":"Dzielnica I"},"geometry":{"type":"Polygon","coordinates":[[[19.92787,50.05985],[19.92739,50.06038],[19.92774,50.06232],[19.92766,50.06328],[19.92916,50.06348],[19.93295,50.06341],[19.93201,50.06258],[19.93175,50.06194],[19.9324,50.0605],[19.93103,50.06063],[19.93021,50.06051],[19.93021,50.06024],[19.92958,50.06066],[19.92788,50.06009],[19.92787,50.05985]]]}},{"type":"Feature","properties":{"nr":"15","dzielnica":"Dzielnica I"},"geometry":{"type":"Polygon","coordinates":[[[19.92731,50.06839],[19.93164,50.06478],[19.93284,50.06352],[19.92804,50.0634],[19.9274,50.06518],[19.92491,50.06571],[19.92553,50.06715],[19.92669,50.06893],[19.92731,50.06839]]]}},{"type":"Feature","properties":{"nr":"16","dzielnica":"Dzielnica I"},"geometry":{"type":"Polygon","coordinates":[[[19.92905,50.0669],[19.92918,50.06712],[19.93054,50.06749],[19.93178,50.06728],[19.93211,50.06778],[19.93203,50.06865],[19.933,50.06905],[19.93453,50.06593],[19.93504,50.06601],[19.93553,50.06572],[19.93295,50.06341],[19.93164,50.06478],[19.92905,50.0669]]]}},{"type":"Feature","properties":{"nr":"17","dzielnica":"Dzielnica I"},"geometry":{"type":"Polygon","coordinates":[[[19.93258,50.06973],[19.933,50.06905],[19.93203,50.06865],[19.93211,50.06778],[19.93178,50.06728],[19.93054,50.06749],[19.92918,50.06712],[19.92905,50.0669],[19.92669,50.06893],[19.9277,50.07028],[19.92955,50.07128],[19.93109,50.07105],[19.93203,50.07047],[19.93258,50.06973]]]}},{"type":"Feature","properties":{"nr":"18","dzielnica":"Dzielnica I"},"geometry":{"type":"Polygon","coordinates":[[[19.93468,50.07028],[19.9338,50.07007],[19.93395,50.06981],[19.93482,50.06999],[19.93514,50.06934],[19.93307,50.06893],[19.93222,50.07028],[19.93162,50.07077],[19.93087,50.07111],[19.92955,50.07128],[19.93168,50.07241],[19.93464,50.07085],[19.93468,50.07028]]]}},{"type":"Feature","properties":{"nr":"19","dzielnica":"Dzielnica I"},"geometry":{"type":"Polygon","coordinates":[[[19.93464,50.07085],[19.93678,50.06901],[19.93689,50.06945],[19.93713,50.06955],[19.93779,50.06935],[19.93828,50.06887],[19.9391,50.06627],[19.93606,50.06617],[19.93553,50.06572],[19.93504,50.06601],[19.93453,50.06593],[19.93307,50.06893],[19.93514,50.06934],[19.93482,50.06999],[19.93395,50.06981],[19.9338,50.07007],[19.93468,50.07028],[19.93464,50.07085]]]}},{"type":"Feature","properties":{"nr":"20","dzielnica":"Dzielnica I"},"geometry":{"type":"Polygon","coordinates":[[[19.93168,50.07241],[19.93293,50.07296],[19.93454,50.07333],[19.93599,50.07186],[19.93617,50.07133],[19.93464,50.07085],[19.93168,50.07241]]]}},{"type":"Feature","properties":{"nr":"21","dzielnica":"Dzielnica I"},"geometry":{"type":"Polygon","coordinates":[[[19.93873,50.07404],[19.94031,50.0753],[19.94102,50.07558],[19.94105,50.07605],[19.94265,50.0766],[19.94328,50.07603],[19.94537,50.07373],[19.94445,50.07332],[19.94513,50.06958],[19.94454,50.06973],[19.94451,50.06925],[19.94523,50.06911],[19.94519,50.06813],[19.94478,50.06814],[19.94474,50.0677],[19.94291,50.06782],[19.9428,50.0676],[19.94245,50.06845],[19.94071,50.06893],[19.93872,50.06929],[19.93828,50.06887],[19.93779,50.06935],[19.93713,50.06955],[19.93689,50.06945],[19.93678,50.06901],[19.93464,50.07085],[19.93617,50.07133],[19.93599,50.07186],[19.93479,50.07322],[19.93811,50.07348],[19.93873,50.07404]]]}},{"type":"Feature","properties":{"nr":"22","dzielnica":"Dzielnica I"},"geometry":{"type":"Polygon","coordinates":[[[19.94942,50.0736],[19.95134,50.07299],[19.95153,50.07321],[19.95523,50.07202],[19.95209,50.06778],[19.94997,50.06815],[19.95007,50.06726],[19.94929,50.06555],[19.94926,50.06501],[19.94492,50.06456],[19.94376,50.06481],[19.94342,50.06509],[19.94072,50.06608],[19.9391,50.06627],[19.93828,50.06887],[19.93872,50.06929],[19.94245,50.06845],[19.9428,50.0676],[19.94291,50.06782],[19.94474,50.0677],[19.94478,50.06814],[19.94519,50.06813],[19.94523,50.06911],[19.94451,50.06925],[19.94454,50.06973],[19.94513,50.06958],[19.94445,50.07332],[19.94537,50.07373],[19.94642,50.07247],[19.94757,50.07333],[19.94795,50.0739],[19.94942,50.0736]]]}},{"type":"Feature","properties":{"nr":"23","dzielnica":"Dzielnica I"},"geometry":{"type":"Polygon","coordinates":[[[19.94942,50.0736],[19.94795,50.0739],[19.94757,50.07333],[19.94642,50.07247],[19.94451,50.07484],[19.94265,50.0766],[19.94541,50.07753],[19.94613,50.07914],[19.94736,50.08098],[19.95051,50.08059],[19.95048,50.08074],[19.95665,50.07986],[19.95696,50.07978],[19.95792,50.07876],[19.96016,50.07863],[19.95716,50.07445],[19.95517,50.07204],[19.95153,50.07321],[19.95134,50.07299],[19.94942,50.0736]]]}},{"type":"Feature","properties":{"nr":"24","dzielnica":"Dzielnica II"},"geometry":{"type":"Polygon","coordinates":[[[19.95798,50.07977],[19.9593,50.07964],[19.96355,50.07842],[19.96614,50.07733],[19.96799,50.07687],[19.96782,50.07668],[19.96845,50.07642],[19.96869,50.07594],[19.96996,50.07524],[19.97229,50.07333],[19.96873,50.07084],[19.96369,50.07452],[19.96206,50.07505],[19.96169,50.07575],[19.96123,50.0759],[19.96162,50.0759],[19.96098,50.07803],[19.96067,50.07837],[19.96008,50.07852],[19.96016,50.07863],[19.95792,50.07876],[19.95696,50.07978],[19.95798,50.07977]]]}},{"type":"Feature","properties":{"nr":"25","dzielnica":"Dzielnica II"},"geometry":{"type":"Polygon","coordinates":[[[19.95716,50.07445],[19.96008,50.07852],[19.96067,50.07837],[19.96098,50.07803],[19.96162,50.0759],[19.96123,50.0759],[19.96169,50.07575],[19.96206,50.07505],[19.96369,50.07452],[19.96556,50.07302],[19.9652,50.07266],[19.9587,50.07399],[19.95829,50.07375],[19.95756,50.07399],[19.95716,50.07445]]]}},{"type":"Feature","properties":{"nr":"26","dzielnica":"Dzielnica II"},"geometry":{"type":"Polygon","coordinates":[[[19.95756,50.07399],[19.95829,50.07375],[19.9587,50.07399],[19.95967,50.06584],[19.9592,50.06577],[19.95961,50.06428],[19.95515,50.06248],[19.95412,50.06248],[19.95379,50.06265],[19.95273,50.06239],[19.95331,50.06202],[19.95264,50.06177],[19.95299,50.0609],[19.95284,50.06066],[19.95168,50.06056],[19.95168,50.061],[19.9512,50.06174],[19.94904,50.06099],[19.94878,50.06115],[19.94805,50.06099],[19.94764,50.06128],[19.94748,50.06158],[19.94739,50.06484],[19.94926,50.06501],[19.94929,50.06555],[19.95007,50.06726],[19.94997,50.06815],[19.95209,50.06778],[19.95623,50.07342],[19.95716,50.07445],[19.95756,50.07399]]]}},{"type":"Feature","properties":{"nr":"27","dzielnica":"Dzielnica II"},"geometry":{"type":"Polygon","coordinates":[[[19.95886,50.07255],[19.95969,50.07174],[19.95988,50.06995],[19.96016,50.06963],[19.96043,50.06963],[19.96017,50.0721],[19.9605,50.07211],[19.96028,50.07192],[19.96038,50.0714],[19.96064,50.07132],[19.96074,50.0705],[19.96045,50.07045],[19.9606,50.06984],[19.96099,50.0698],[19.96203,50.07059],[19.96404,50.0707],[19.96392,50.06995],[19.9636,50.06998],[19.9635,50.06956],[19.96316,50.06957],[19.96336,50.06902],[19.96844,50.06847],[19.96838,50.06782],[19.95937,50.06826],[19.95886,50.07255]]]}},{"type":"Feature","properties":{"nr":"28","dzielnica":"Dzielnica II"},"geometry":{"type":"Polygon","coordinates":[[[19.9587,50.07399],[19.9652,50.07266],[19.96556,50.07302],[19.96873,50.07084],[19.97105,50.06878],[19.96921,50.06872],[19.96922,50.06848],[19.96879,50.06832],[19.96838,50.06782],[19.96844,50.06847],[19.96336,50.06902],[19.96316,50.06957],[19.9635,50.06956],[19.9636,50.06998],[19.96392,50.06995],[19.96404,50.0707],[19.96203,50.07059],[19.96099,50.0698],[19.9606,50.06984],[19.96045,50.07045],[19.96074,50.0705],[19.96064,50.07132],[19.96038,50.0714],[19.96028,50.07192],[19.9605,50.07211],[19.96017,50.0721],[19.96043,50.06963],[19.96016,50.06963],[19.95988,50.06995],[19.95969,50.07174],[19.95886,50.07255],[19.9587,50.07399]]]}},{"type":"Feature","properties":{"nr":"29","dzielnica":"Dzielnica II"},"geometry":{"type":"Polygon","coordinates":[[[19.95937,50.06826],[19.96838,50.06782],[19.96879,50.06832],[19.96922,50.06848],[19.96921,50.06872],[19.97105,50.06878],[19.96873,50.07084],[19.97229,50.07333],[19.97423,50.07122],[19.97652,50.06748],[19.97441,50.0667],[19.9703,50.06652],[19.96497,50.06657],[19.95967,50.06584],[19.95937,50.06826]]]}},{"type":"Feature","properties":{"nr":"30","dzielnica":"Dzielnica II"},"geometry":{"type":"Polygon","coordinates":[[[19.96813,50.06298],[19.96804,50.06312],[19.96749,50.06306],[19.96697,50.06415],[19.96338,50.06386],[19.96346,50.06325],[19.96304,50.06322],[19.96314,50.06247],[19.96167,50.06238],[19.96135,50.06454],[19.96147,50.06538],[19.96124,50.06606],[19.96497,50.06657],[19.9703,50.06652],[19.97441,50.0667],[19.97573,50.0672],[19.97603,50.06465],[19.97546,50.06191],[19.97439,50.05959],[19.97077,50.06034],[19.97046,50.06139],[19.96904,50.06127],[19.96813,50.06298]]]}},{"type":"Feature","properties":{"nr":"31","dzielnica":"Dzielnica II"},"geometry":{"type":"Polygon","coordinates":[[[19.96719,50.0637],[19.96749,50.06306],[19.96804,50.06312],[19.96904,50.06127],[19.97046,50.06139],[19.97077,50.06034],[19.97439,50.05959],[19.97265,50.05913],[19.97243,50.05941],[19.97027,50.05999],[19.97004,50.0599],[19.9697,50.05926],[19.96923,50.05921],[19.96932,50.0586],[19.96676,50.05805],[19.96654,50.05847],[19.96491,50.0581],[19.9646,50.0586],[19.96401,50.05844],[19.96353,50.05922],[19.96494,50.05958],[19.96465,50.06017],[19.96487,50.06109],[19.96458,50.06223],[19.96639,50.06249],[19.96614,50.06283],[19.96526,50.06268],[19.9649,50.06392],[19.96697,50.06415],[19.96719,50.0637]]]}},{"type":"Feature","properties":{"nr":"32","dzielnica":"Dzielnica II"},"geometry":{"type":"Polygon","coordinates":[[[19.97075,50.0599],[19.97073,50.05974],[19.97243,50.05941],[19.97265,50.05913],[19.97439,50.05959],[19.97025,50.05385],[19.97036,50.05367],[19.96943,50.05235],[19.96721,50.05273],[19.96468,50.05286],[19.96457,50.05442],[19.96468,50.05474],[19.96529,50.0551],[19.96531,50.05531],[19.96419,50.057],[19.9643,50.05725],[19.96401,50.05844],[19.9646,50.0586],[19.96491,50.0581],[19.96654,50.05847],[19.96676,50.05805],[19.96932,50.0586],[19.96923,50.05921],[19.9697,50.05926],[19.97004,50.0599],[19.97075,50.0599]]]}},{"type":"Feature","properties":{"nr":"33","dzielnica":"Dzielnica II"},"geometry":{"type":"Polygon","coordinates":[[[19.96147,50.06538],[19.96135,50.06454],[19.96167,50.06238],[19.96314,50.06247],[19.96304,50.06322],[19.96346,50.06325],[19.96338,50.06386],[19.9649,50.06392],[19.96526,50.06268],[19.96614,50.06283],[19.96639,50.06249],[19.96458,50.06223],[19.96487,50.06109],[19.96465,50.06017],[19.96494,50.05958],[19.96353,50.05922],[19.96419,50.05783],[19.96419,50.057],[19.96531,50.05531],[19.96529,50.0551],[19.96468,50.05474],[19.96457,50.05442],[19.96468,50.05286],[19.96095,50.05253],[19.95926,50.05545],[19.95987,50.05573],[19.9597,50.05696],[19.95981,50.0571],[19.9594,50.05718],[19.95903,50.05762],[19.96026,50.06209],[19.9592,50.06577],[19.96124,50.06606],[19.96147,50.06538]]]}},{"type":"Feature","properties":{"nr":"34","dzielnica":"Dzielnica II"},"geometry":{"type":"Polygon","coordinates":[[[19.95273,50.06239],[19.95379,50.06265],[19.95412,50.06248],[19.95515,50.06248],[19.95961,50.06428],[19.96026,50.06209],[19.96022,50.06149],[19.95917,50.05853],[19.95903,50.05762],[19.95707,50.05751],[19.95478,50.0583],[19.95326,50.05859],[19.95047,50.05878],[19.94734,50.05845],[19.94752,50.05856],[19.94748,50.05978],[19.94729,50.05978],[19.94759,50.06072],[19.94744,50.06115],[19.94764,50.06128],[19.94805,50.06099],[19.94878,50.06115],[19.94904,50.06099],[19.9512,50.06174],[19.95168,50.061],[19.95168,50.06056],[19.95284,50.06066],[19.95299,50.0609],[19.95264,50.06177],[19.95331,50.06202],[19.95273,50.06239]]]}},{"type":"Feature","properties":{"nr":"35","dzielnica":"Dzielnica II"},"geometry":{"type":"Polygon","coordinates":[[[19.94734,50.05845],[19.95047,50.05878],[19.95059,50.05838],[19.95169,50.05764],[19.95376,50.05573],[19.95399,50.05469],[19.95367,50.05331],[19.95395,50.05271],[19.95592,50.05078],[19.95466,50.05011],[19.95382,50.05086],[19.95334,50.05065],[19.9496,50.05377],[19.94893,50.05407],[19.94905,50.05441],[19.94834,50.05547],[19.94785,50.05553],[19.94799,50.05609],[19.94744,50.05762],[19.94734,50.05845]]]}},{"type":"Feature","properties":{"nr":"36","dzielnica":"Dzielnica II"},"geometry":{"type":"Polygon","coordinates":[[[19.95047,50.05878],[19.95423,50.05845],[19.95707,50.05751],[19.95482,50.05291],[19.95559,50.05238],[19.95484,50.05177],[19.95395,50.05271],[19.95367,50.05331],[19.95399,50.05469],[19.95376,50.05573],[19.95169,50.05764],[19.95059,50.05838],[19.95047,50.05878]]]}},{"type":"Feature","properties":{"nr":"37","dzielnica":"Dzielnica II"},"geometry":{"type":"Polygon","coordinates":[[[19.9594,50.05718],[19.95981,50.0571],[19.9597,50.05696],[19.95987,50.05573],[19.95926,50.05545],[19.96095,50.05253],[19.95873,50.0519],[19.95592,50.05078],[19.95484,50.05177],[19.95559,50.05238],[19.95482,50.05291],[19.95707,50.05751],[19.95903,50.05762],[19.9594,50.05718]]]}},{"type":"Feature","properties":{"nr":"38","dzielnica":"Dzielnica II"},"geometry":{"type":"Polygon","coordinates":[[[19.97483,50.05929],[19.97478,50.05911],[19.97546,50.05904],[19.97532,50.05856],[19.9763,50.05858],[19.97682,50.05898],[19.97966,50.05852],[19.98016,50.0586],[19.98019,50.0583],[19.97891,50.05824],[19.97888,50.05774],[19.97757,50.05772],[19.97757,50.05745],[19.97783,50.05744],[19.97786,50.05684],[19.9774,50.05656],[19.97764,50.05633],[19.97813,50.05654],[19.9802,50.05513],[19.97895,50.05426],[19.97371,50.0526],[19.97234,50.05231],[19.96943,50.05235],[19.97036,50.05367],[19.97025,50.05385],[19.97426,50.05937],[19.97483,50.05929]]]}},{"type":"Feature","properties":{"nr":"39","dzielnica":"Dzielnica II"},"geometry":{"type":"Polygon","coordinates":[[[19.98033,50.0611],[19.98256,50.06224],[19.98483,50.06154],[19.98648,50.06038],[19.98685,50.05986],[19.98527,50.05962],[19.98423,50.0591],[19.98233,50.05759],[19.98109,50.05587],[19.9802,50.05513],[19.97813,50.05654],[19.97764,50.05633],[19.9774,50.05656],[19.97786,50.05684],[19.97783,50.05744],[19.97757,50.05745],[19.97757,50.05772],[19.97888,50.05774],[19.97891,50.05824],[19.98019,50.0583],[19.98016,50.0586],[19.98083,50.05876],[19.98051,50.06094],[19.98033,50.0611]]]}},{"type":"Feature","properties":{"nr":"40","dzielnica":"Dzielnica II"},"geometry":{"type":"Polygon","coordinates":[[[19.98409,50.06579],[19.98439,50.06552],[19.98569,50.06527],[19.98661,50.06621],[19.98858,50.06607],[19.98868,50.06458],[19.98453,50.06369],[19.98215,50.06245],[19.98256,50.06224],[19.98033,50.0611],[19.98051,50.06094],[19.98083,50.05876],[19.97966,50.05852],[19.97682,50.05898],[19.9763,50.05858],[19.97532,50.05856],[19.97546,50.05904],[19.97426,50.05937],[19.97439,50.05959],[19.97571,50.05955],[19.97593,50.06073],[19.97814,50.06176],[19.97925,50.06186],[19.97927,50.06168],[19.98077,50.0619],[19.98144,50.0624],[19.98409,50.06579]]]}},{"type":"Feature","properties":{"nr":"41","dzielnica":"Dzielnica II"},"geometry":{"type":"Polygon","coordinates":[[[19.98553,50.06986],[19.98689,50.06917],[19.98793,50.06838],[19.98826,50.06785],[19.98814,50.06723],[19.98845,50.06711],[19.98858,50.06607],[19.98661,50.06621],[19.98569,50.06527],[19.98439,50.06552],[19.98409,50.06579],[19.98144,50.0624],[19.98077,50.0619],[19.97927,50.06168],[19.97925,50.06186],[19.97814,50.06176],[19.97593,50.06073],[19.97571,50.05955],[19.97439,50.05959],[19.97546,50.06191],[19.97603,50.06465],[19.97573,50.0672],[19.97652,50.06748],[19.97672,50.06729],[19.98101,50.06878],[19.98178,50.0684],[19.98289,50.07005],[19.98337,50.06984],[19.98417,50.07055],[19.98553,50.06986]]]}},{"type":"Feature","properties":{"nr":"42","dzielnica":"Dzielnica III"},"geometry":{"type":"Polygon","coordinates":[[[19.98851,50.07327],[19.98742,50.07321],[19.9871,50.07254],[19.98587,50.07258],[19.98545,50.07217],[19.98583,50.07186],[19.98527,50.07158],[19.98337,50.06984],[19.98289,50.07005],[19.98178,50.0684],[19.98101,50.06878],[19.97672,50.06729],[19.97613,50.068],[19.97423,50.07122],[19.97507,50.0725],[19.97563,50.07279],[19.97742,50.07235],[19.97874,50.0723],[19.97874,50.07211],[19.97915,50.07212],[19.97914,50.07228],[19.98104,50.0722],[19.98108,50.07238],[19.98051,50.07242],[19.98033,50.0728],[19.98071,50.07302],[19.9811,50.07257],[19.98271,50.07162],[19.98326,50.07202],[19.98381,50.07178],[19.98534,50.07288],[19.98609,50.07317],[19.98848,50.07342],[19.98851,50.07327]]]}},{"type":"Feature","properties":{"nr":"43","dzielnica":"Dzielnica III"},"geometry":{"type":"Polygon","coordinates":[[[19.98026,50.07378],[19.98071,50.07302],[19.98033,50.0728],[19.98051,50.07242],[19.98108,50.07238],[19.98104,50.0722],[19.97914,50.07228],[19.97915,50.07212],[19.97874,50.07211],[19.97874,50.0723],[19.97742,50.07235],[19.97563,50.07279],[19.97507,50.0725],[19.97423,50.07122],[19.97265,50.07298],[19.9745,50.07418],[19.97533,50.07494],[19.9773,50.075],[19.97733,50.07456],[19.98026,50.07378]]]}},{"type":"Feature","properties":{"nr":"44","dzielnica":"Dzielnica III"},"geometry":{"type":"Polygon","coordinates":[[[19.97962,50.07515],[19.98159,50.07469],[19.98519,50.07451],[19.9851,50.07419],[19.98572,50.07413],[19.98582,50.07498],[19.98815,50.07531],[19.98848,50.07342],[19.98609,50.07317],[19.98534,50.07288],[19.98381,50.07178],[19.98326,50.07202],[19.98271,50.07162],[19.9811,50.07257],[19.98051,50.07325],[19.97962,50.07515]]]}},{"type":"Feature","properties":{"nr":"45","dzielnica":"Dzielnica III"},"geometry":{"type":"Polygon","coordinates":[[[19.97951,50.0754],[19.98435,50.07682],[19.98477,50.07643],[19.98586,50.07725],[19.98634,50.07727],[19.98638,50.07677],[19.98869,50.07708],[19.98935,50.07654],[19.98906,50.07607],[19.98813,50.0756],[19.98815,50.07531],[19.98582,50.07498],[19.98572,50.07413],[19.9851,50.07419],[19.98519,50.07451],[19.98432,50.07465],[19.98159,50.07469],[19.97962,50.07515],[19.97951,50.0754]]]}},{"type":"Feature","properties":{"nr":"46","dzielnica":"Dzielnica III"},"geometry":{"type":"Polygon","coordinates":[[[19.97975,50.07845],[19.98011,50.07807],[19.98106,50.07843],[19.98209,50.07749],[19.98286,50.07639],[19.97951,50.0754],[19.9789,50.07683],[19.97731,50.07819],[19.97936,50.0788],[19.97975,50.07845]]]}},{"type":"Feature","properties":{"nr":"47","dzielnica":"Dzielnica III"},"geometry":{"type":"Polygon","coordinates":[[[19.97936,50.0788],[19.98128,50.07936],[19.98188,50.0787],[19.98304,50.07918],[19.98231,50.08057],[19.98865,50.08188],[19.98939,50.08052],[19.98764,50.0801],[19.98724,50.07967],[19.98869,50.07708],[19.98638,50.07677],[19.98634,50.07727],[19.98586,50.07725],[19.98477,50.07643],[19.98435,50.07682],[19.98286,50.07639],[19.98209,50.07749],[19.98106,50.07843],[19.98011,50.07807],[19.97936,50.0788]]]}},{"type":"Feature","properties":{"nr":"48","dzielnica":"Dzielnica III"},"geometry":{"type":"Polygon","coordinates":[[[19.97531,50.08042],[19.97468,50.07996],[19.97731,50.07819],[19.9789,50.07683],[19.98026,50.07378],[19.97733,50.07456],[19.9773,50.075],[19.97533,50.07494],[19.9745,50.07418],[19.97265,50.07298],[19.9719,50.07364],[19.97201,50.07371],[19.96996,50.07524],[19.96869,50.07594],[19.96857,50.07626],[19.97353,50.0807],[19.97394,50.08043],[19.97471,50.08078],[19.97531,50.08042]]]}},{"type":"Feature","properties":{"nr":"49","dzielnica":"Dzielnica III"},"geometry":{"type":"Polygon","coordinates":[[[19.96377,50.08282],[19.96426,50.0828],[19.96482,50.08237],[19.96531,50.08241],[19.9679,50.08093],[19.96757,50.08065],[19.97154,50.07897],[19.96857,50.07626],[19.96782,50.07668],[19.96799,50.07687],[19.96716,50.0772],[19.96701,50.07703],[19.96421,50.07821],[19.96064,50.07921],[19.96324,50.08261],[19.96359,50.0829],[19.96377,50.08282]]]}},{"type":"Feature","properties":{"nr":"50","dzielnica":"Dzielnica III"},"geometry":{"type":"Polygon","coordinates":[[[19.95804,50.08529],[19.96783,50.0848],[19.96817,50.08399],[19.96792,50.08381],[19.96835,50.08316],[19.96734,50.08289],[19.96724,50.0823],[19.9665,50.08175],[19.96531,50.08241],[19.96482,50.08237],[19.96426,50.0828],[19.96332,50.08306],[19.96277,50.08253],[19.96219,50.0828],[19.96238,50.083],[19.9619,50.08324],[19.96038,50.08366],[19.96071,50.08414],[19.96018,50.08435],[19.96031,50.08453],[19.95999,50.08464],[19.95969,50.08451],[19.95921,50.08343],[19.95864,50.08357],[19.95857,50.08396],[19.95707,50.08523],[19.95731,50.08549],[19.95804,50.08529]]]}},{"type":"Feature","properties":{"nr":"51","dzielnica":"Dzielnica III"},"geometry":{"type":"Polygon","coordinates":[[[19.97046,50.08394],[19.97065,50.08343],[19.97353,50.0807],[19.97154,50.07897],[19.96757,50.08065],[19.9679,50.08093],[19.9665,50.08175],[19.96724,50.0823],[19.96734,50.08289],[19.96835,50.08316],[19.96792,50.08381],[19.96817,50.08399],[19.96783,50.0848],[19.97044,50.08508],[19.97046,50.08394]]]}},{"type":"Feature","properties":{"nr":"52","dzielnica":"Dzielnica III"},"geometry":{"type":"Polygon","coordinates":[[[19.97167,50.08446],[19.97256,50.08336],[19.97613,50.08264],[19.97613,50.08212],[19.975,50.08198],[19.97502,50.0817],[19.97419,50.08169],[19.97421,50.08121],[19.97353,50.0807],[19.97065,50.08343],[19.97046,50.08394],[19.97044,50.08508],[19.97189,50.08515],[19.97167,50.08446]]]}},{"type":"Feature","properties":{"nr":"53","dzielnica":"Dzielnica III"},"geometry":{"type":"Polygon","coordinates":[[[19.97965,50.08434],[19.97945,50.08231],[19.97921,50.08191],[19.97847,50.08168],[19.97421,50.08121],[19.97419,50.08169],[19.97502,50.0817],[19.975,50.08198],[19.97613,50.08212],[19.97613,50.08264],[19.97256,50.08336],[19.97167,50.08446],[19.97189,50.08515],[19.9796,50.08581],[19.97965,50.08434]]]}},{"type":"Feature","properties":{"nr":"54","dzielnica":"Dzielnica III"},"geometry":{"type":"Polygon","coordinates":[[[19.97947,50.08257],[19.97962,50.08394],[19.98557,50.08387],[19.98618,50.08372],[19.98649,50.08317],[19.98718,50.0834],[19.98763,50.08331],[19.98865,50.08188],[19.98231,50.08057],[19.98304,50.07918],[19.98188,50.0787],[19.98128,50.07936],[19.97731,50.07819],[19.97468,50.07996],[19.97531,50.08042],[19.97471,50.08078],[19.97394,50.08043],[19.97353,50.0807],[19.9745,50.0813],[19.97893,50.08178],[19.97941,50.08212],[19.97947,50.08257]]]}},{"type":"Feature","properties":{"nr":"55","dzielnica":"Dzielnica III"},"geometry":{"type":"Polygon","coordinates":[[[19.98235,50.08554],[19.98396,50.08553],[19.98453,50.08533],[19.98557,50.08452],[19.98642,50.08432],[19.9867,50.08409],[19.98678,50.0837],[19.98468,50.08391],[19.97962,50.08394],[19.97971,50.08538],[19.97952,50.08604],[19.98245,50.08627],[19.98235,50.08554]]]}},{"type":"Feature","properties":{"nr":"56","dzielnica":"Dzielnica III"},"geometry":{"type":"Polygon","coordinates":[[[19.97557,50.09154],[19.97708,50.09114],[19.97743,50.0901],[19.97902,50.0902],[19.97899,50.08983],[19.97952,50.09018],[19.97943,50.09059],[19.97919,50.09059],[19.97912,50.09155],[19.98022,50.09169],[19.98041,50.09153],[19.98126,50.09198],[19.98247,50.09217],[19.98408,50.09236],[19.98431,50.09166],[19.98479,50.09138],[19.98528,50.09147],[19.9879,50.09107],[19.98363,50.09042],[19.98297,50.09028],[19.98285,50.09006],[19.98013,50.08975],[19.9806,50.0882],[19.97851,50.08793],[19.97933,50.08607],[19.9795,50.08609],[19.9796,50.08581],[19.9756,50.08536],[19.97044,50.08508],[19.9718,50.086],[19.97356,50.08904],[19.97421,50.08975],[19.97475,50.08983],[19.97469,50.0903],[19.97532,50.09032],[19.97506,50.09156],[19.97557,50.09154]]]}},{"type":"Feature","properties":{"nr":"57","dzielnica":"Dzielnica III"},"geometry":{"type":"Polygon","coordinates":[[[19.98779,50.09531],[19.98808,50.09491],[19.98782,50.09487],[19.98751,50.0944],[19.98789,50.09114],[19.98528,50.09147],[19.98479,50.09138],[19.98431,50.09166],[19.98408,50.09236],[19.98126,50.09198],[19.98041,50.09153],[19.98004,50.09192],[19.97966,50.09288],[19.9823,50.09328],[19.98222,50.09352],[19.98309,50.09366],[19.98302,50.09389],[19.98037,50.09358],[19.97927,50.09387],[19.98,50.0943],[19.97911,50.09451],[19.97972,50.09463],[19.97972,50.0953],[19.97913,50.09609],[19.97973,50.09664],[19.98408,50.09816],[19.9844,50.09881],[19.98601,50.09915],[19.98656,50.09809],[19.98806,50.0979],[19.98773,50.09608],[19.98779,50.09531]]]}},{"type":"Feature","properties":{"nr":"58","dzielnica":"Dzielnica III"},"geometry":{"type":"Polygon","coordinates":[[[19.98667,50.10478],[19.99104,50.10388],[19.99106,50.10288],[19.99083,50.1025],[19.99101,50.10195],[19.99065,50.10141],[19.9907,50.1006],[19.99043,50.10041],[19.9907,50.09994],[19.99204,50.10026],[19.99248,50.09956],[19.99051,50.09905],[19.98776,50.0979],[19.98656,50.09809],[19.98601,50.09915],[19.9844,50.09881],[19.98408,50.09816],[19.97973,50.09664],[19.97913,50.09609],[19.97972,50.0953],[19.97972,50.09463],[19.97717,50.09423],[19.97725,50.09372],[19.97692,50.09315],[19.9765,50.09324],[19.97595,50.09268],[19.97525,50.09297],[19.97501,50.09271],[19.97438,50.09262],[19.97407,50.09221],[19.97371,50.09231],[19.97393,50.09266],[19.97147,50.09248],[19.97009,50.09279],[19.97169,50.09559],[19.9723,50.09632],[19.97257,50.09736],[19.97321,50.09752],[19.9729,50.09794],[19.97464,50.09864],[19.97438,50.09896],[19.97403,50.09886],[19.97383,50.09916],[19.97787,50.10155],[19.98667,50.10478]]]}},{"type":"Feature","properties":{"nr":"59","dzielnica":"Dzielnica III"},"geometry":{"type":"Polygon","coordinates":[[[19.97403,50.09886],[19.97438,50.09896],[19.97464,50.09864],[19.9729,50.09794],[19.97321,50.09752],[19.97257,50.09736],[19.9723,50.09632],[19.97169,50.09559],[19.97042,50.09318],[19.96941,50.09347],[19.96893,50.09277],[19.96772,50.09264],[19.96766,50.09303],[19.96718,50.09301],[19.96586,50.09416],[19.96843,50.09539],[19.96789,50.09652],[19.97041,50.09721],[19.97383,50.09916],[19.97403,50.09886]]]}},{"type":"Feature","properties":{"nr":"60","dzielnica":"Dzielnica III"},"geometry":{"type":"Polygon","coordinates":[[[19.97009,50.09279],[19.97147,50.09248],[19.97393,50.09266],[19.97371,50.09231],[19.97407,50.09221],[19.97438,50.09262],[19.97501,50.09271],[19.97525,50.09297],[19.97595,50.09268],[19.9765,50.09324],[19.97692,50.09315],[19.97725,50.09372],[19.97717,50.09423],[19.97911,50.09451],[19.98,50.0943],[19.97927,50.09387],[19.98037,50.09358],[19.98302,50.09389],[19.98309,50.09366],[19.98222,50.09352],[19.9823,50.09328],[19.97966,50.09288],[19.98022,50.09169],[19.97912,50.09155],[19.97919,50.09059],[19.97943,50.09059],[19.97952,50.09018],[19.97899,50.08983],[19.97902,50.0902],[19.97743,50.0901],[19.97708,50.09114],[19.97506,50.09156],[19.97532,50.09032],[19.97469,50.0903],[19.97475,50.08983],[19.97421,50.08975],[19.97356,50.08904],[19.97242,50.08967],[19.97247,50.09023],[19.97011,50.09014],[19.96968,50.09127],[19.96959,50.09219],[19.97009,50.09279]]]}},{"type":"Feature","properties":{"nr":"61","dzielnica":"Dzielnica III"},"geometry":{"type":"Polygon","coordinates":[[[19.96983,50.09087],[19.97011,50.09014],[19.97247,50.09023],[19.97242,50.08967],[19.97356,50.08904],[19.9718,50.086],[19.97044,50.08508],[19.96749,50.08478],[19.96758,50.08618],[19.9672,50.08618],[19.96718,50.0866],[19.9668,50.08658],[19.96667,50.08792],[19.9685,50.08777],[19.96848,50.08842],[19.96745,50.08838],[19.96742,50.0889],[19.96723,50.0889],[19.96732,50.09092],[19.96883,50.09074],[19.96983,50.09087]]]}},{"type":"Feature","properties":{"nr":"62","dzielnica":"Dzielnica III"},"geometry":{"type":"Polygon","coordinates":[[[19.96682,50.09333],[19.96718,50.09301],[19.96766,50.09303],[19.96772,50.09264],[19.96893,50.09277],[19.96941,50.09347],[19.97042,50.09318],[19.96959,50.09219],[19.96983,50.09087],[19.96883,50.09074],[19.9666,50.09092],[19.96662,50.08896],[19.96562,50.08895],[19.96561,50.08807],[19.96535,50.08803],[19.96532,50.0904],[19.96519,50.09059],[19.96478,50.09053],[19.96479,50.09034],[19.96418,50.09034],[19.96416,50.09074],[19.96376,50.0914],[19.9639,50.09249],[19.96418,50.09262],[19.96398,50.09281],[19.9634,50.09251],[19.96307,50.09206],[19.96252,50.09215],[19.96237,50.09176],[19.96173,50.09197],[19.96158,50.09173],[19.96043,50.09189],[19.96071,50.09279],[19.96166,50.09285],[19.96277,50.09375],[19.96242,50.09413],[19.9667,50.09633],[19.96789,50.09652],[19.96843,50.09539],[19.96586,50.09416],[19.96682,50.09333]]]}},{"type":"Feature","properties":{"nr":"63","dzielnica":"Dzielnica III"},"geometry":{"type":"Polygon","coordinates":[[[19.9639,50.09249],[19.96376,50.0914],[19.96416,50.09074],[19.96418,50.09034],[19.96479,50.09034],[19.96478,50.09053],[19.96519,50.09059],[19.96532,50.0904],[19.96531,50.08877],[19.96354,50.08876],[19.96353,50.08947],[19.96167,50.09003],[19.96193,50.09042],[19.96071,50.09094],[19.96095,50.09121],[19.96208,50.09091],[19.96254,50.09149],[19.9623,50.09155],[19.96252,50.09215],[19.96307,50.09206],[19.9634,50.09251],[19.96398,50.09281],[19.96418,50.09262],[19.9639,50.09249]]]}},{"type":"Feature","properties":{"nr":"64","dzielnica":"Dzielnica III"},"geometry":{"type":"Polygon","coordinates":[[[19.96732,50.09092],[19.96723,50.0889],[19.96742,50.0889],[19.96745,50.08838],[19.96848,50.08842],[19.9685,50.08777],[19.96667,50.08792],[19.9668,50.08658],[19.96718,50.0866],[19.9672,50.08618],[19.96758,50.08618],[19.96749,50.08478],[19.95881,50.0852],[19.95731,50.08549],[19.95707,50.08523],[19.95595,50.0857],[19.95441,50.08581],[19.95581,50.0872],[19.95647,50.08718],[19.957,50.08754],[19.9593,50.08718],[19.95958,50.08678],[19.95998,50.08665],[19.96026,50.08683],[19.96048,50.08748],[19.96198,50.08721],[19.96226,50.08752],[19.96263,50.08749],[19.96256,50.08714],[19.96308,50.08702],[19.96317,50.08793],[19.96122,50.08803],[19.96193,50.08935],[19.96354,50.08876],[19.96531,50.08877],[19.96535,50.08803],[19.96561,50.08807],[19.96562,50.08895],[19.96662,50.08896],[19.9666,50.09092],[19.96732,50.09092]]]}},{"type":"Feature","properties":{"nr":"65","dzielnica":"Dzielnica III"},"geometry":{"type":"Polygon","coordinates":[[[19.95633,50.08199],[19.95845,50.08307],[19.95864,50.08357],[19.95921,50.08343],[19.95969,50.08451],[19.95999,50.08464],[19.96031,50.08453],[19.96018,50.08435],[19.96071,50.08414],[19.96038,50.08366],[19.9619,50.08324],[19.96238,50.083],[19.96219,50.0828],[19.96277,50.08253],[19.96332,50.08306],[19.96359,50.0829],[19.96064,50.07921],[19.9593,50.07964],[19.95665,50.07986],[19.95598,50.08125],[19.95633,50.08199]]]}},{"type":"Feature","properties":{"nr":"66","dzielnica":"Dzielnica III"},"geometry":{"type":"Polygon","coordinates":[[[19.95259,50.08324],[19.95373,50.08298],[19.95329,50.08255],[19.95465,50.08182],[19.95539,50.08301],[19.95739,50.08253],[19.95633,50.08199],[19.95598,50.08125],[19.95665,50.07986],[19.95048,50.08074],[19.95051,50.08059],[19.94735,50.081],[19.94851,50.08272],[19.94886,50.08264],[19.9495,50.08387],[19.95242,50.08302],[19.95259,50.08324]]]}},{"type":"Feature","properties":{"nr":"67","dzielnica":"Dzielnica III"},"geometry":{"type":"Polygon","coordinates":[[[19.95191,50.08641],[19.95683,50.08543],[19.95857,50.08396],[19.95864,50.08357],[19.95845,50.08307],[19.95739,50.08253],[19.95539,50.08301],[19.95465,50.08182],[19.95329,50.08255],[19.95373,50.08298],[19.95348,50.08315],[19.95259,50.08324],[19.95242,50.08302],[19.9495,50.08387],[19.95127,50.0866],[19.95191,50.08641]]]}},{"type":"Feature","properties":{"nr":"68","dzielnica":"Dzielnica III"},"geometry":{"type":"Polygon","coordinates":[[[19.9623,50.09155],[19.96254,50.09149],[19.96208,50.09091],[19.96095,50.09121],[19.96071,50.09094],[19.96193,50.09042],[19.96167,50.09003],[19.96353,50.08947],[19.96354,50.08876],[19.96193,50.08935],[19.96122,50.08803],[19.96317,50.08793],[19.96308,50.08702],[19.96256,50.08714],[19.96263,50.08749],[19.96226,50.08752],[19.96198,50.08721],[19.96048,50.08748],[19.96026,50.08683],[19.95998,50.08665],[19.95958,50.08678],[19.9593,50.08718],[19.957,50.08754],[19.95647,50.08718],[19.95581,50.0872],[19.95441,50.08581],[19.95127,50.0866],[19.95211,50.0877],[19.95333,50.08864],[19.95995,50.09292],[19.96242,50.09413],[19.96277,50.09375],[19.96166,50.09285],[19.96071,50.09279],[19.96043,50.09189],[19.96158,50.09173],[19.96173,50.09197],[19.96202,50.09193],[19.96237,50.09176],[19.9623,50.09155]]]}},{"type":"Feature","properties":{"nr":"69","dzielnica":"Dzielnica IV"},"geometry":{"type":"Polygon","coordinates":[[[19.96607,50.10053],[19.96606,50.10117],[19.96528,50.10141],[19.96583,50.10921],[19.96824,50.10852],[19.96936,50.10776],[19.97063,50.10721],[19.97233,50.10679],[19.97562,50.1064],[19.97756,50.10586],[19.979,50.10582],[19.98072,50.10496],[19.98136,50.10557],[19.98667,50.10478],[19.97787,50.10155],[19.97104,50.09751],[19.96878,50.09666],[19.9667,50.09633],[19.961,50.09342],[19.96143,50.09409],[19.96332,50.0949],[19.96283,50.09526],[19.96282,50.09602],[19.96249,50.09617],[19.96263,50.09721],[19.96295,50.09754],[19.9635,50.09932],[19.96358,50.10026],[19.96519,50.10011],[19.96607,50.10053]]]}},{"type":"Feature","properties":{"nr":"70","dzielnica":"Dzielnica IV"},"geometry":{"type":"Polygon","coordinates":[[[19.9602,50.09987],[19.95928,50.09984],[19.95924,50.09922],[19.9566,50.09931],[19.95652,50.10071],[19.95741,50.10135],[19.9573,50.10298],[19.96321,50.10404],[19.96405,50.10383],[19.96309,50.10071],[19.96028,50.10064],[19.9602,50.09987]]]}},{"type":"Feature","properties":{"nr":"71","dzielnica":"Dzielnica IV"},"geometry":{"type":"Polygon","coordinates":[[[19.96583,50.10921],[19.96528,50.10141],[19.96606,50.10117],[19.96607,50.10053],[19.96519,50.10011],[19.96358,50.10026],[19.9635,50.09932],[19.96295,50.09754],[19.96263,50.09721],[19.96249,50.09617],[19.96282,50.09602],[19.96283,50.09526],[19.96332,50.0949],[19.96143,50.09409],[19.9609,50.09342],[19.95941,50.09606],[19.95807,50.09606],[19.95857,50.09662],[19.95859,50.09758],[19.95615,50.0977],[19.95617,50.09814],[19.95916,50.09847],[19.95928,50.09984],[19.9602,50.09987],[19.96028,50.10064],[19.96309,50.10071],[19.96405,50.10383],[19.96321,50.10404],[19.96324,50.1059],[19.96348,50.1063],[19.96399,50.1064],[19.96411,50.10779],[19.96487,50.10774],[19.9653,50.10917],[19.9651,50.10947],[19.96583,50.10921]]]}},{"type":"Feature","properties":{"nr":"72","dzielnica":"Dzielnica IV"},"geometry":{"type":"Polygon","coordinates":[[[19.95502,50.10048],[19.95513,50.10037],[19.95652,50.10071],[19.9566,50.09931],[19.95924,50.09922],[19.95916,50.09847],[19.95617,50.09814],[19.95615,50.0977],[19.95859,50.09758],[19.95857,50.09662],[19.95807,50.09606],[19.95021,50.09632],[19.94123,50.09771],[19.9414,50.09816],[19.94198,50.09818],[19.94381,50.09875],[19.94355,50.09908],[19.94384,50.09931],[19.94431,50.09942],[19.94469,50.09903],[19.9472,50.10008],[19.94797,50.09982],[19.95106,50.09953],[19.95116,50.10017],[19.95149,50.1006],[19.95125,50.10138],[19.95509,50.10125],[19.95502,50.10048]]]}},{"type":"Feature","properties":{"nr":"73","dzielnica":"Dzielnica IV"},"geometry":{"type":"Polygon","coordinates":[[[19.95652,50.10071],[19.95513,50.10037],[19.95509,50.10125],[19.95125,50.10138],[19.95149,50.1006],[19.95116,50.10017],[19.95106,50.09953],[19.94797,50.09982],[19.9472,50.10008],[19.94469,50.09903],[19.94431,50.09942],[19.94384,50.09931],[19.94355,50.09908],[19.94381,50.09875],[19.94198,50.09818],[19.9414,50.09816],[19.94132,50.098],[19.93777,50.09859],[19.9383,50.09921],[19.93645,50.10001],[19.93661,50.10042],[19.936,50.10106],[19.93666,50.1012],[19.93667,50.10146],[19.93508,50.10172],[19.9348,50.10158],[19.93447,50.10206],[19.93373,50.1023],[19.93404,50.10272],[19.93547,50.10322],[19.93562,50.10356],[19.93508,50.10397],[19.93374,50.10374],[19.93254,50.10404],[19.93273,50.10466],[19.93259,50.10471],[19.93157,50.10462],[19.93079,50.10481],[19.92936,50.10665],[19.93049,50.10684],[19.9312,50.10747],[19.93131,50.1078],[19.931,50.1087],[19.92842,50.11027],[19.9276,50.11039],[19.9271,50.11024],[19.92935,50.10813],[19.92936,50.10771],[19.928,50.10786],[19.92763,50.10737],[19.92721,50.10728],[19.92603,50.10812],[19.92536,50.11012],[19.92444,50.1113],[19.92542,50.1118],[19.92574,50.1124],[19.92494,50.11407],[19.92729,50.11462],[19.92774,50.11351],[19.92941,50.11412],[19.9337,50.11471],[19.93543,50.11515],[19.93526,50.11553],[19.93997,50.11624],[19.93982,50.11719],[19.94017,50.11893],[19.94155,50.11903],[19.94319,50.11882],[19.94733,50.11934],[19.94876,50.11654],[19.9512,50.11407],[19.95368,50.11248],[19.95529,50.11122],[19.9559,50.11051],[19.95744,50.11059],[19.95731,50.10939],[19.9581,50.10832],[19.96042,50.10848],[19.96253,50.10957],[19.96328,50.11021],[19.9651,50.10947],[19.9653,50.10917],[19.96487,50.10774],[19.96411,50.10779],[19.96399,50.1064],[19.96348,50.1063],[19.96324,50.1059],[19.96321,50.10404],[19.9573,50.10298],[19.95741,50.10135],[19.95652,50.10071]]]}},{"type":"Feature","properties":{"nr":"74","dzielnica":"Dzielnica IV"},"geometry":{"type":"Polygon","coordinates":[[[19.92021,50.09775],[19.91937,50.09793],[19.91811,50.09957],[19.91889,50.10018],[19.91878,50.10134],[19.92101,50.10214],[19.92087,50.10226],[19.92353,50.10341],[19.92623,50.10444],[19.92643,50.10438],[19.92673,50.1047],[19.92768,50.10508],[19.92815,50.10492],[19.92814,50.10432],[19.92887,50.10373],[19.93079,50.10481],[19.93157,50.10462],[19.93259,50.10471],[19.93273,50.10466],[19.93254,50.10404],[19.93374,50.10374],[19.93508,50.10397],[19.93562,50.10356],[19.93547,50.10322],[19.93404,50.10272],[19.93373,50.1023],[19.93447,50.10206],[19.9348,50.10158],[19.93508,50.10172],[19.93667,50.10146],[19.93666,50.1012],[19.936,50.10106],[19.93661,50.10042],[19.93638,50.10011],[19.9383,50.09921],[19.93777,50.09859],[19.93588,50.09844],[19.93323,50.09689],[19.93182,50.09636],[19.93256,50.09573],[19.93374,50.09587],[19.93449,50.09509],[19.93655,50.09453],[19.93491,50.09424],[19.93476,50.09378],[19.93409,50.09318],[19.93251,50.0929],[19.93233,50.09332],[19.93215,50.09331],[19.93188,50.09418],[19.93304,50.09435],[19.93296,50.09458],[19.93266,50.09453],[19.93257,50.09484],[19.93274,50.09496],[19.93241,50.09534],[19.92822,50.0947],[19.92807,50.09495],[19.92726,50.09485],[19.92546,50.09442],[19.92491,50.09455],[19.92491,50.09495],[19.92536,50.09499],[19.92533,50.09515],[19.92491,50.09514],[19.9249,50.09565],[19.92518,50.09575],[19.92514,50.09607],[19.9241,50.09654],[19.92137,50.09576],[19.92021,50.09775]]]}},{"type":"Feature","properties":{"nr":"75","dzielnica":"Dzielnica IV"},"geometry":{"type":"Polygon","coordinates":[[[19.93125,50.09132],[19.9294,50.09415],[19.93183,50.0944],[19.93215,50.09331],[19.93233,50.09332],[19.93251,50.0929],[19.93409,50.09318],[19.93476,50.09378],[19.93491,50.09424],[19.93655,50.09453],[19.93449,50.09509],[19.93374,50.09587],[19.93256,50.09573],[19.93182,50.09636],[19.93323,50.09689],[19.93588,50.09844],[19.93777,50.09859],[19.93744,50.09693],[19.93771,50.0959],[19.938,50.0956],[19.93747,50.09531],[19.93786,50.09492],[19.93895,50.09529],[19.93961,50.09529],[19.94028,50.09493],[19.94049,50.09434],[19.94224,50.09384],[19.9429,50.09345],[19.94299,50.09317],[19.94237,50.09282],[19.94085,50.09291],[19.94008,50.09226],[19.9398,50.09118],[19.93575,50.09157],[19.93203,50.09115],[19.9321,50.09142],[19.93125,50.09132]]]}},{"type":"Feature","properties":{"nr":"76","dzielnica":"Dzielnica IV"},"geometry":{"type":"Polygon","coordinates":[[[19.94611,50.09543],[19.94874,50.09463],[19.94787,50.0925],[19.94299,50.09317],[19.9429,50.09345],[19.94224,50.09384],[19.94049,50.09434],[19.94028,50.09493],[19.93961,50.09529],[19.93895,50.09529],[19.93786,50.09492],[19.93747,50.09531],[19.938,50.0956],[19.93771,50.0959],[19.93744,50.09693],[19.93777,50.09859],[19.94132,50.098],[19.94123,50.09771],[19.94183,50.09756],[19.94721,50.09677],[19.94698,50.09614],[19.94611,50.09543]]]}},{"type":"Feature","properties":{"nr":"77","dzielnica":"Dzielnica IV"},"geometry":{"type":"Polygon","coordinates":[[[19.95508,50.09206],[19.94923,50.09565],[19.94698,50.09614],[19.94721,50.09677],[19.95061,50.09629],[19.95941,50.09606],[19.9609,50.09342],[19.95748,50.09134],[19.95684,50.09167],[19.95508,50.09206]]]}},{"type":"Feature","properties":{"nr":"78","dzielnica":"Dzielnica IV"},"geometry":{"type":"Polygon","coordinates":[[[19.95698,50.091],[19.95257,50.08811],[19.95127,50.0866],[19.94786,50.08774],[19.94798,50.08816],[19.94772,50.0886],[19.94791,50.08892],[19.94764,50.089],[19.94934,50.09112],[19.95021,50.09154],[19.95204,50.09088],[19.9526,50.09133],[19.95253,50.09156],[19.95373,50.09279],[19.95508,50.09206],[19.95684,50.09167],[19.95748,50.09134],[19.95698,50.091]]]}},{"type":"Feature","properties":{"nr":"79","dzielnica":"Dzielnica IV"},"geometry":{"type":"Polygon","coordinates":[[[19.94806,50.08934],[19.94789,50.08938],[19.94764,50.089],[19.94791,50.08892],[19.94772,50.0886],[19.94798,50.08816],[19.94786,50.08774],[19.94581,50.08867],[19.94233,50.08972],[19.94169,50.09048],[19.9398,50.09118],[19.94008,50.09226],[19.94085,50.09291],[19.94237,50.09282],[19.94299,50.09317],[19.94962,50.09235],[19.95021,50.09154],[19.94934,50.09112],[19.94806,50.08934]]]}},{"type":"Feature","properties":{"nr":"80","dzielnica":"Dzielnica IV"},"geometry":{"type":"Polygon","coordinates":[[[19.95204,50.09088],[19.95021,50.09154],[19.94962,50.09235],[19.94787,50.0925],[19.94874,50.09463],[19.94611,50.09543],[19.94698,50.09614],[19.94923,50.09565],[19.95373,50.09279],[19.95253,50.09156],[19.9526,50.09133],[19.95204,50.09088]]]}},{"type":"Feature","properties":{"nr":"81","dzielnica":"Dzielnica IV"},"geometry":{"type":"Polygon","coordinates":[[[19.94655,50.0872],[19.94738,50.08795],[19.95127,50.0866],[19.94886,50.08264],[19.94851,50.08272],[19.94735,50.081],[19.94028,50.08184],[19.9404,50.0826],[19.94107,50.08257],[19.94152,50.08397],[19.94179,50.08393],[19.94208,50.08458],[19.94678,50.08371],[19.94696,50.08417],[19.94659,50.08437],[19.94714,50.08658],[19.94663,50.08666],[19.94653,50.08641],[19.94525,50.08647],[19.94482,50.08657],[19.94497,50.087],[19.94355,50.08686],[19.94324,50.08591],[19.94241,50.08576],[19.94281,50.0872],[19.94208,50.08733],[19.94225,50.08774],[19.94284,50.08789],[19.9431,50.0883],[19.94409,50.08824],[19.94568,50.08796],[19.94539,50.08695],[19.94642,50.08681],[19.94655,50.0872]]]}},{"type":"Feature","properties":{"nr":"82","dzielnica":"Dzielnica IV"},"geometry":{"type":"Polygon","coordinates":[[[19.93969,50.0842],[19.94014,50.08592],[19.94241,50.08576],[19.94324,50.08591],[19.94355,50.08686],[19.94497,50.087],[19.94482,50.08657],[19.94525,50.08647],[19.94653,50.08641],[19.94663,50.08666],[19.94714,50.08658],[19.94659,50.08437],[19.94696,50.08417],[19.94678,50.08371],[19.94208,50.08458],[19.94179,50.08393],[19.94152,50.08397],[19.94107,50.08257],[19.9404,50.0826],[19.94028,50.08184],[19.93969,50.0819],[19.93978,50.08258],[19.93954,50.08261],[19.93969,50.0842]]]}},{"type":"Feature","properties":{"nr":"83","dzielnica":"Dzielnica IV"},"geometry":{"type":"Polygon","coordinates":[[[19.93324,50.0896],[19.93258,50.0899],[19.93206,50.09075],[19.93203,50.09115],[19.93575,50.09157],[19.93896,50.0913],[19.94056,50.091],[19.94169,50.09048],[19.94233,50.08972],[19.94581,50.08867],[19.94738,50.08795],[19.94655,50.0872],[19.94642,50.08681],[19.94539,50.08695],[19.94568,50.08796],[19.9431,50.0883],[19.94284,50.08789],[19.94023,50.08855],[19.9387,50.08853],[19.93855,50.08768],[19.93768,50.08773],[19.93756,50.08717],[19.93611,50.08752],[19.93516,50.08802],[19.93138,50.08788],[19.93177,50.08867],[19.93357,50.08918],[19.93324,50.0896]]]}},{"type":"Feature","properties":{"nr":"84","dzielnica":"Dzielnica IV"},"geometry":{"type":"Polygon","coordinates":[[[19.9376,50.08214],[19.93416,50.08256],[19.93339,50.08401],[19.93409,50.08432],[19.93391,50.08567],[19.93462,50.0857],[19.93499,50.08541],[19.93676,50.08597],[19.93685,50.08642],[19.93742,50.08637],[19.93768,50.08773],[19.93855,50.08768],[19.9387,50.08853],[19.94064,50.08851],[19.94057,50.08834],[19.94284,50.08789],[19.94225,50.08774],[19.94208,50.08733],[19.94281,50.0872],[19.94241,50.08576],[19.94014,50.08592],[19.93959,50.0835],[19.93954,50.08261],[19.93978,50.08258],[19.93969,50.0819],[19.9376,50.08214]]]}},{"type":"Feature","properties":{"nr":"85","dzielnica":"Dzielnica IV"},"geometry":{"type":"Polygon","coordinates":[[[19.92765,50.08728],[19.92693,50.08901],[19.92898,50.08946],[19.93138,50.08788],[19.93516,50.08802],[19.93611,50.08752],[19.93756,50.08717],[19.93742,50.08637],[19.93685,50.08642],[19.93676,50.08597],[19.93499,50.08541],[19.93462,50.0857],[19.93391,50.08567],[19.93409,50.08432],[19.93339,50.08401],[19.93073,50.08393],[19.93064,50.08543],[19.93139,50.08667],[19.93138,50.08724],[19.93044,50.08721],[19.93039,50.08759],[19.92983,50.08758],[19.92982,50.08811],[19.92898,50.0881],[19.9289,50.0875],[19.92765,50.08728]]]}},{"type":"Feature","properties":{"nr":"86","dzielnica":"Dzielnica IV"},"geometry":{"type":"Polygon","coordinates":[[[19.93044,50.08721],[19.93138,50.08724],[19.93139,50.08667],[19.93064,50.08543],[19.9307,50.08411],[19.93026,50.08408],[19.93018,50.08525],[19.92837,50.08522],[19.92831,50.08583],[19.92808,50.08584],[19.92765,50.08728],[19.9289,50.0875],[19.92898,50.0881],[19.92982,50.08811],[19.92983,50.08758],[19.93039,50.08759],[19.93044,50.08721]]]}},{"type":"Feature","properties":{"nr":"87","dzielnica":"Dzielnica IV"},"geometry":{"type":"Polygon","coordinates":[[[19.93416,50.08256],[19.9272,50.08256],[19.92702,50.08536],[19.92553,50.08536],[19.92543,50.08657],[19.92406,50.08651],[19.92403,50.0868],[19.92498,50.08685],[19.92501,50.08766],[19.92748,50.08765],[19.92799,50.08651],[19.92808,50.08584],[19.92831,50.08583],[19.92837,50.08522],[19.93018,50.08525],[19.93026,50.08408],[19.9307,50.08411],[19.93073,50.08393],[19.93339,50.08401],[19.93416,50.08256]]]}},{"type":"Feature","properties":{"nr":"88","dzielnica":"Dzielnica IV"},"geometry":{"type":"Polygon","coordinates":[[[19.92284,50.08684],[19.92403,50.0868],[19.92406,50.08651],[19.92543,50.08657],[19.92553,50.08536],[19.92702,50.08536],[19.92709,50.08388],[19.92414,50.08385],[19.92323,50.08495],[19.92284,50.08684]]]}},{"type":"Feature","properties":{"nr":"89","dzielnica":"Dzielnica IV"},"geometry":{"type":"Polygon","coordinates":[[[19.91659,50.09345],[19.91666,50.09323],[19.91717,50.09329],[19.91767,50.09222],[19.91848,50.09241],[19.91875,50.09179],[19.91918,50.09194],[19.91995,50.0908],[19.92073,50.09069],[19.92289,50.09102],[19.92304,50.09064],[19.9228,50.09025],[19.9294,50.09023],[19.92898,50.08946],[19.92693,50.08901],[19.92748,50.08765],[19.92501,50.08766],[19.92498,50.08685],[19.92284,50.08684],[19.92281,50.08704],[19.92098,50.08762],[19.92026,50.08903],[19.91898,50.09043],[19.91753,50.0902],[19.91576,50.09084],[19.91474,50.09165],[19.91409,50.0926],[19.91341,50.09317],[19.91621,50.09424],[19.91659,50.09345]]]}},{"type":"Feature","properties":{"nr":"90","dzielnica":"Dzielnica IV"},"geometry":{"type":"Polygon","coordinates":[[[19.91848,50.09375],[19.91896,50.09261],[19.92422,50.09402],[19.9246,50.09292],[19.92383,50.09279],[19.92394,50.09253],[19.92359,50.09247],[19.92378,50.09192],[19.92957,50.09183],[19.92974,50.09135],[19.9321,50.09142],[19.93206,50.09075],[19.93258,50.0899],[19.93324,50.0896],[19.93357,50.08918],[19.93177,50.08867],[19.93138,50.08788],[19.92898,50.08946],[19.9294,50.09023],[19.9228,50.09025],[19.92304,50.09064],[19.92289,50.09102],[19.92073,50.09069],[19.91995,50.0908],[19.91918,50.09194],[19.91875,50.09179],[19.91848,50.09241],[19.91767,50.09222],[19.9175,50.09233],[19.91717,50.09329],[19.91666,50.09323],[19.91621,50.09424],[19.918,50.09476],[19.91848,50.09375]]]}},{"type":"Feature","properties":{"nr":"91","dzielnica":"Dzielnica IV"},"geometry":{"type":"Polygon","coordinates":[[[19.9246,50.09292],[19.92422,50.09402],[19.91896,50.09261],[19.918,50.09476],[19.91479,50.09379],[19.91289,50.09276],[19.9124,50.09281],[19.91097,50.09478],[19.90922,50.09542],[19.9093,50.09572],[19.9139,50.09627],[19.9137,50.09654],[19.91601,50.09647],[19.91623,50.09677],[19.92021,50.09775],[19.92137,50.09576],[19.9241,50.09654],[19.92514,50.09607],[19.92518,50.09575],[19.9249,50.09565],[19.92491,50.09514],[19.92533,50.09515],[19.92536,50.09499],[19.92491,50.09495],[19.92491,50.09455],[19.92514,50.09453],[19.92518,50.09424],[19.92717,50.09454],[19.92728,50.09416],[19.92546,50.09392],[19.92534,50.09303],[19.9246,50.09292]]]}},{"type":"Feature","properties":{"nr":"92","dzielnica":"Dzielnica IV"},"geometry":{"type":"Polygon","coordinates":[[[19.93257,50.09484],[19.93266,50.09453],[19.93296,50.09458],[19.93304,50.09435],[19.93188,50.09418],[19.93183,50.0944],[19.9294,50.09415],[19.93125,50.09132],[19.92974,50.09135],[19.92957,50.09183],[19.92378,50.09192],[19.92359,50.09247],[19.92394,50.09253],[19.92383,50.09279],[19.92534,50.09303],[19.92546,50.09392],[19.92728,50.09416],[19.92717,50.09454],[19.92518,50.09424],[19.92514,50.09453],[19.92546,50.09442],[19.92807,50.09495],[19.92822,50.0947],[19.93241,50.09534],[19.93274,50.09496],[19.93257,50.09484]]]}},{"type":"Feature","properties":{"nr":"93","dzielnica":"Dzielnica IV"},"geometry":{"type":"Polygon","coordinates":[[[19.91287,50.10828],[19.91411,50.10548],[19.91511,50.10093],[19.91889,50.10018],[19.91811,50.09957],[19.91937,50.09793],[19.92021,50.09775],[19.91623,50.09677],[19.91601,50.09647],[19.9137,50.09654],[19.9139,50.09627],[19.91023,50.09579],[19.91005,50.09636],[19.90637,50.098],[19.88793,50.10408],[19.88481,50.10572],[19.89597,50.10721],[19.8983,50.10725],[19.89896,50.10774],[19.89965,50.10778],[19.89959,50.10852],[19.90113,50.10922],[19.90292,50.10798],[19.90346,50.10813],[19.9121,50.1084],[19.91218,50.10822],[19.91287,50.10828]]]}},{"type":"Feature","properties":{"nr":"94","dzielnica":"Dzielnica IV"},"geometry":{"type":"Polygon","coordinates":[[[19.88339,50.10479],[19.88315,50.10417],[19.8833,50.10381],[19.88351,50.10357],[19.88437,50.10348],[19.88479,50.10196],[19.88447,50.1015],[19.88476,50.10126],[19.88461,50.101],[19.88471,50.10025],[19.88539,50.10013],[19.88522,50.09957],[19.88396,50.09943],[19.8839,50.09908],[19.88452,50.09893],[19.88433,50.09747],[19.88376,50.09703],[19.88346,50.09705],[19.88339,50.09683],[19.88354,50.09647],[19.88438,50.0957],[19.88429,50.09543],[19.88305,50.09546],[19.88275,50.0951],[19.88435,50.09436],[19.88419,50.09393],[19.88429,50.09313],[19.88387,50.09228],[19.88374,50.09146],[19.88336,50.091],[19.88161,50.09103],[19.87822,50.09255],[19.87365,50.09557],[19.86894,50.09786],[19.86769,50.09943],[19.86737,50.09918],[19.86661,50.1],[19.86532,50.09955],[19.86445,50.10068],[19.86434,50.10174],[19.86357,50.10262],[19.86183,50.10595],[19.86332,50.10733],[19.86736,50.10745],[19.87539,50.11113],[19.88005,50.10823],[19.88481,50.10572],[19.88339,50.10479]]]}},{"type":"Feature","properties":{"nr":"95","dzielnica":"Dzielnica IV"},"geometry":{"type":"Polygon","coordinates":[[[19.90168,50.09228],[19.90179,50.09197],[19.90369,50.09134],[19.90381,50.09067],[19.90538,50.09055],[19.90686,50.08994],[19.90696,50.08949],[19.90399,50.08933],[19.89292,50.08752],[19.89123,50.08756],[19.89007,50.0878],[19.88412,50.08989],[19.88161,50.09103],[19.88336,50.091],[19.88374,50.09146],[19.88387,50.09228],[19.88429,50.09313],[19.88419,50.09393],[19.88435,50.09436],[19.88275,50.0951],[19.88305,50.09546],[19.88429,50.09543],[19.88438,50.0957],[19.88354,50.09647],[19.88339,50.09683],[19.88346,50.09705],[19.88376,50.09703],[19.88433,50.09747],[19.88452,50.09893],[19.8839,50.09908],[19.88396,50.09943],[19.88522,50.09957],[19.88539,50.10013],[19.88471,50.10025],[19.88461,50.101],[19.88476,50.10126],[19.88447,50.1015],[19.88479,50.10196],[19.88437,50.10348],[19.88351,50.10357],[19.8833,50.10381],[19.88315,50.10417],[19.88339,50.10479],[19.88481,50.10572],[19.88793,50.10408],[19.90285,50.09916],[19.90127,50.09689],[19.89853,50.09758],[19.8983,50.09686],[19.89796,50.0969],[19.89749,50.0955],[19.90089,50.09287],[19.9009,50.09243],[19.90168,50.09228]]]}},{"type":"Feature","properties":{"nr":"96","dzielnica":"Dzielnica IV"},"geometry":{"type":"Polygon","coordinates":[[[19.90853,50.09713],[19.91005,50.09636],[19.91023,50.09579],[19.9093,50.09572],[19.90922,50.09542],[19.91097,50.09478],[19.9124,50.09281],[19.90696,50.08949],[19.90686,50.08994],[19.90538,50.09055],[19.90381,50.09067],[19.90369,50.09134],[19.90179,50.09197],[19.90168,50.09228],[19.9009,50.09243],[19.90089,50.09287],[19.89749,50.0955],[19.89796,50.0969],[19.8983,50.09686],[19.89853,50.09758],[19.90127,50.09689],[19.90285,50.09916],[19.90853,50.09713]]]}},{"type":"Feature","properties":{"nr":"97","dzielnica":"Dzielnica IV"},"geometry":{"type":"Polygon","coordinates":[[[19.9,50.0878],[19.89948,50.08673],[19.89902,50.08682],[19.89834,50.08538],[19.89819,50.08499],[19.89838,50.08493],[19.89852,50.08445],[19.89715,50.08392],[19.89555,50.08368],[19.89134,50.08343],[19.89145,50.08656],[19.89246,50.08727],[19.89226,50.08751],[19.90314,50.0892],[19.9021,50.08676],[19.90158,50.0865],[19.90184,50.08706],[19.90152,50.08712],[19.90187,50.088],[19.90091,50.08815],[19.90071,50.0877],[19.9,50.0878]]]}},{"type":"Feature","properties":{"nr":"98","dzielnica":"Dzielnica IV"},"geometry":{"type":"Polygon","coordinates":[[[19.90187,50.088],[19.90152,50.08712],[19.90184,50.08706],[19.90113,50.08454],[19.90331,50.08403],[19.90364,50.08474],[19.9049,50.0845],[19.90448,50.08404],[19.90473,50.08397],[19.90452,50.08345],[19.90548,50.08339],[19.90605,50.08257],[19.90454,50.08261],[19.8999,50.08345],[19.89635,50.08381],[19.89852,50.08445],[19.89838,50.08493],[19.89819,50.08499],[19.89834,50.08538],[19.89902,50.08682],[19.89948,50.08673],[19.9,50.0878],[19.90071,50.0877],[19.90091,50.08815],[19.90187,50.088]]]}},{"type":"Feature","properties":{"nr":"99","dzielnica":"Dzielnica IV"},"geometry":{"type":"Polygon","coordinates":[[[19.90725,50.08663],[19.907,50.08668],[19.90689,50.08639],[19.90564,50.08678],[19.90528,50.08598],[19.90433,50.08617],[19.90484,50.08749],[19.90459,50.08768],[19.90547,50.08819],[19.90529,50.08834],[19.90696,50.08949],[19.91002,50.08949],[19.9093,50.08762],[19.9085,50.08637],[19.90725,50.08663]]]}},{"type":"Feature","properties":{"nr":"100","dzielnica":"Dzielnica IV"},"geometry":{"type":"Polygon","coordinates":[[[19.90142,50.08527],[19.90158,50.0865],[19.9021,50.08676],[19.90314,50.0892],[19.90504,50.08947],[19.90696,50.08949],[19.90529,50.08834],[19.90547,50.08819],[19.90459,50.08768],[19.90484,50.08749],[19.90433,50.08617],[19.90528,50.08598],[19.90564,50.08678],[19.9068,50.08641],[19.90556,50.08359],[19.90462,50.08368],[19.90473,50.08397],[19.90448,50.08404],[19.9049,50.0845],[19.90364,50.08474],[19.90331,50.08403],[19.90127,50.08442],[19.90113,50.08454],[19.90142,50.08527]]]}},{"type":"Feature","properties":{"nr":"101","dzielnica":"Dzielnica IV"},"geometry":{"type":"Polygon","coordinates":[[[19.90946,50.08717],[19.90922,50.08613],[19.91132,50.08544],[19.9108,50.08412],[19.91031,50.08421],[19.91,50.08347],[19.91051,50.08337],[19.91032,50.0829],[19.91096,50.08281],[19.91085,50.08238],[19.90605,50.08257],[19.90548,50.08339],[19.90452,50.08345],[19.90462,50.08368],[19.90556,50.08359],[19.907,50.08668],[19.9085,50.08637],[19.9093,50.08762],[19.90946,50.08717]]]}},{"type":"Feature","properties":{"nr":"102","dzielnica":"Dzielnica IV"},"geometry":{"type":"Polygon","coordinates":[[[19.916,50.08572],[19.91599,50.08554],[19.91646,50.08541],[19.91547,50.08238],[19.91607,50.08238],[19.91606,50.08224],[19.91085,50.08238],[19.91096,50.08281],[19.91032,50.0829],[19.91051,50.08337],[19.91,50.08347],[19.91031,50.08421],[19.9108,50.08412],[19.91132,50.08544],[19.90922,50.08613],[19.90946,50.08717],[19.90935,50.08781],[19.90948,50.08811],[19.90987,50.08806],[19.91251,50.08688],[19.91261,50.0871],[19.91317,50.08703],[19.91333,50.0874],[19.91427,50.08732],[19.91406,50.08659],[19.91507,50.08607],[19.91607,50.08611],[19.916,50.08572]]]}},{"type":"Feature","properties":{"nr":"103","dzielnica":"Dzielnica IV"},"geometry":{"type":"Polygon","coordinates":[[[19.91341,50.09317],[19.91409,50.0926],[19.91474,50.09165],[19.91576,50.09084],[19.91753,50.0902],[19.91593,50.08977],[19.91604,50.08957],[19.91578,50.08867],[19.91648,50.08859],[19.91643,50.08824],[19.91615,50.08827],[19.916,50.08769],[19.9164,50.08763],[19.91647,50.08738],[19.91634,50.08702],[19.91563,50.08706],[19.91527,50.08614],[19.91472,50.08616],[19.9144,50.08631],[19.91445,50.08649],[19.91406,50.08659],[19.91427,50.08732],[19.91333,50.0874],[19.91317,50.08703],[19.91261,50.0871],[19.91251,50.08688],[19.90948,50.08811],[19.91002,50.08949],[19.90696,50.08949],[19.9124,50.09281],[19.91289,50.09276],[19.91341,50.09317]]]}},{"type":"Feature","properties":{"nr":"104","dzielnica":"Dzielnica IV"},"geometry":{"type":"Polygon","coordinates":[[[19.92026,50.08903],[19.92098,50.08762],[19.92281,50.08704],[19.92294,50.08613],[19.91665,50.0864],[19.91646,50.08541],[19.91599,50.08554],[19.91607,50.08611],[19.91527,50.08614],[19.91563,50.08706],[19.91634,50.08702],[19.91647,50.08738],[19.9164,50.08763],[19.916,50.08769],[19.91615,50.08827],[19.91643,50.08824],[19.91648,50.08859],[19.91578,50.08867],[19.91604,50.08957],[19.91593,50.08977],[19.91898,50.09043],[19.92026,50.08903]]]}},{"type":"Feature","properties":{"nr":"105","dzielnica":"Dzielnica IV"},"geometry":{"type":"Polygon","coordinates":[[[19.91747,50.08635],[19.92294,50.08613],[19.92323,50.08495],[19.92414,50.08385],[19.92709,50.08388],[19.9272,50.08256],[19.91942,50.08221],[19.91663,50.08221],[19.91547,50.08238],[19.91665,50.0864],[19.91747,50.08635]]]}},{"type":"Feature","properties":{"nr":"106","dzielnica":"Dzielnica V"},"geometry":{"type":"Polygon","coordinates":[[[19.91012,50.08242],[19.91606,50.08224],[19.9154,50.07565],[19.91485,50.07573],[19.91479,50.07554],[19.91503,50.0754],[19.91477,50.07467],[19.911,50.07507],[19.91078,50.07501],[19.91043,50.07436],[19.91439,50.07347],[19.91495,50.07452],[19.91647,50.07428],[19.92035,50.07299],[19.9196,50.07188],[19.91455,50.07324],[19.91422,50.07317],[19.90762,50.07473],[19.90599,50.07584],[19.90619,50.0759],[19.90935,50.08244],[19.91012,50.08242]]]}},{"type":"Feature","properties":{"nr":"107","dzielnica":"Dzielnica V"},"geometry":{"type":"Polygon","coordinates":[[[19.91043,50.07436],[19.91078,50.07501],[19.911,50.07507],[19.91477,50.07467],[19.91503,50.0754],[19.91479,50.07554],[19.91485,50.07573],[19.9154,50.07565],[19.91545,50.07651],[19.91728,50.07624],[19.91751,50.07699],[19.91844,50.07682],[19.91882,50.07655],[19.91938,50.07719],[19.92037,50.07687],[19.91948,50.07596],[19.91849,50.07365],[19.91647,50.07428],[19.91495,50.07452],[19.91439,50.07347],[19.91043,50.07436]]]}},{"type":"Feature","properties":{"nr":"108","dzielnica":"Dzielnica V"},"geometry":{"type":"Polygon","coordinates":[[[19.91654,50.08151],[19.91879,50.08032],[19.91793,50.07825],[19.92306,50.07596],[19.9245,50.07551],[19.92368,50.07464],[19.92354,50.07417],[19.92175,50.07463],[19.92061,50.07529],[19.91969,50.07614],[19.92037,50.07687],[19.91938,50.07719],[19.91882,50.07655],[19.91844,50.07682],[19.91751,50.07699],[19.91728,50.07624],[19.91545,50.07651],[19.91606,50.08159],[19.91654,50.08151]]]}},{"type":"Feature","properties":{"nr":"109","dzielnica":"Dzielnica V"},"geometry":{"type":"Polygon","coordinates":[[[19.91663,50.08221],[19.92153,50.08227],[19.9216,50.08093],[19.92058,50.07712],[19.91793,50.07825],[19.91879,50.08032],[19.91692,50.08138],[19.91606,50.08159],[19.91606,50.08224],[19.91663,50.08221]]]}},{"type":"Feature","properties":{"nr":"110","dzielnica":"Dzielnica V"},"geometry":{"type":"Polygon","coordinates":[[[19.92726,50.08185],[19.92944,50.08195],[19.9299,50.0804],[19.93109,50.08027],[19.93086,50.07906],[19.9302,50.07902],[19.93007,50.07859],[19.93082,50.07835],[19.93087,50.0775],[19.93137,50.0774],[19.93129,50.07692],[19.93085,50.0763],[19.93136,50.0762],[19.93089,50.07557],[19.92963,50.0758],[19.92122,50.07929],[19.9216,50.08093],[19.92153,50.08227],[19.9272,50.08256],[19.92726,50.08185]]]}},{"type":"Feature","properties":{"nr":"111","dzielnica":"Dzielnica V"},"geometry":{"type":"Polygon","coordinates":[[[19.92298,50.07858],[19.92542,50.07756],[19.9247,50.07681],[19.92681,50.07612],[19.92622,50.075],[19.92306,50.07596],[19.92058,50.07712],[19.92122,50.07929],[19.92298,50.07858]]]}},{"type":"Feature","properties":{"nr":"112","dzielnica":"Dzielnica V"},"geometry":{"type":"Polygon","coordinates":[[[19.93206,50.07536],[19.93089,50.07557],[19.93136,50.0762],[19.93085,50.0763],[19.93129,50.07692],[19.93137,50.0774],[19.93087,50.0775],[19.93082,50.07835],[19.93007,50.07859],[19.9302,50.07902],[19.93086,50.07906],[19.93109,50.08027],[19.9299,50.0804],[19.92944,50.08195],[19.92726,50.08185],[19.9272,50.08256],[19.93416,50.08256],[19.94736,50.08098],[19.94613,50.07914],[19.94541,50.07753],[19.94105,50.07605],[19.94102,50.07558],[19.94031,50.0753],[19.93811,50.07348],[19.93579,50.07339],[19.93566,50.07474],[19.93206,50.07536]]]}},{"type":"Feature","properties":{"nr":"113","dzielnica":"Dzielnica V"},"geometry":{"type":"Polygon","coordinates":[[[19.9247,50.07681],[19.92542,50.07756],[19.92896,50.07608],[19.92822,50.0751],[19.92883,50.07494],[19.92853,50.07438],[19.92905,50.07424],[19.92974,50.07352],[19.93168,50.07241],[19.92955,50.07128],[19.92864,50.07193],[19.92877,50.07223],[19.92676,50.0734],[19.92572,50.07383],[19.92354,50.07417],[19.92368,50.07464],[19.9245,50.07551],[19.92622,50.075],[19.92681,50.07612],[19.9247,50.07681]]]}},{"type":"Feature","properties":{"nr":"114","dzielnica":"Dzielnica V"},"geometry":{"type":"Polygon","coordinates":[[[19.92963,50.0758],[19.93566,50.07474],[19.93579,50.07339],[19.9347,50.07319],[19.93443,50.07334],[19.93168,50.07241],[19.92974,50.07352],[19.92905,50.07424],[19.92853,50.07438],[19.92883,50.07494],[19.92822,50.0751],[19.92863,50.07577],[19.92896,50.07608],[19.92963,50.0758]]]}},{"type":"Feature","properties":{"nr":"115","dzielnica":"Dzielnica V"},"geometry":{"type":"Polygon","coordinates":[[[19.92028,50.07571],[19.92061,50.07529],[19.92175,50.07463],[19.92572,50.07383],[19.92676,50.0734],[19.92877,50.07223],[19.92864,50.07193],[19.92955,50.07128],[19.92532,50.07148],[19.92494,50.07012],[19.9196,50.07188],[19.92035,50.07299],[19.91849,50.07365],[19.91958,50.07608],[19.92028,50.07571]]]}},{"type":"Feature","properties":{"nr":"116","dzielnica":"Dzielnica V"},"geometry":{"type":"Polygon","coordinates":[[[19.92494,50.07012],[19.92532,50.07148],[19.92955,50.07128],[19.9277,50.07028],[19.92669,50.06893],[19.92581,50.06967],[19.92494,50.07012]]]}},{"type":"Feature","properties":{"nr":"117","dzielnica":"Dzielnica V"},"geometry":{"type":"Polygon","coordinates":[[[19.92035,50.06699],[19.92075,50.06817],[19.92112,50.06816],[19.92116,50.0684],[19.92083,50.06841],[19.92075,50.0699],[19.92217,50.06954],[19.92421,50.06941],[19.92466,50.07023],[19.92581,50.06967],[19.92669,50.06893],[19.92553,50.06715],[19.92491,50.06571],[19.92035,50.06699]]]}},{"type":"Feature","properties":{"nr":"118","dzielnica":"Dzielnica V"},"geometry":{"type":"Polygon","coordinates":[[[19.92223,50.07111],[19.92466,50.07023],[19.92421,50.06941],[19.92217,50.06954],[19.92075,50.0699],[19.92083,50.06841],[19.92116,50.0684],[19.92112,50.06816],[19.92075,50.06817],[19.92035,50.06699],[19.91813,50.06757],[19.91855,50.07049],[19.91868,50.07046],[19.9196,50.07188],[19.92223,50.07111]]]}},{"type":"Feature","properties":{"nr":"119","dzielnica":"Dzielnica V"},"geometry":{"type":"Polygon","coordinates":[[[19.9182,50.0677],[19.91813,50.06757],[19.91448,50.06764],[19.91184,50.0687],[19.91226,50.07028],[19.91384,50.07082],[19.91397,50.07129],[19.91679,50.07092],[19.91855,50.07049],[19.9182,50.0677]]]}},{"type":"Feature","properties":{"nr":"120","dzielnica":"Dzielnica V"},"geometry":{"type":"Polygon","coordinates":[[[19.91341,50.07137],[19.91422,50.07317],[19.91455,50.07324],[19.9196,50.07188],[19.91868,50.07046],[19.91679,50.07092],[19.91341,50.07137]]]}},{"type":"Feature","properties":{"nr":"121","dzielnica":"Dzielnica V"},"geometry":{"type":"Polygon","coordinates":[[[19.91184,50.0687],[19.91448,50.06764],[19.91813,50.06757],[19.92491,50.06571],[19.92377,50.0625],[19.92551,50.05922],[19.92468,50.05916],[19.92459,50.05946],[19.92407,50.05941],[19.90428,50.06253],[19.90422,50.06236],[19.90259,50.06264],[19.90271,50.0629],[19.90238,50.06298],[19.90274,50.0634],[19.90319,50.06772],[19.90356,50.06886],[19.90511,50.06863],[19.90553,50.06982],[19.91061,50.06909],[19.91184,50.0687]]]}},{"type":"Feature","properties":{"nr":"122","dzielnica":"Dzielnica V"},"geometry":{"type":"Polygon","coordinates":[[[19.9136,50.07205],[19.91341,50.07137],[19.91397,50.07129],[19.91384,50.07082],[19.91226,50.07028],[19.91184,50.0687],[19.91061,50.06909],[19.90871,50.06938],[19.90897,50.07009],[19.90746,50.07013],[19.9078,50.07113],[19.90706,50.07132],[19.90727,50.07158],[19.90933,50.07134],[19.90949,50.07157],[19.90984,50.07153],[19.91005,50.07207],[19.90975,50.07214],[19.9106,50.07371],[19.91013,50.07382],[19.91027,50.07408],[19.91422,50.07317],[19.9136,50.07205]]]}},{"type":"Feature","properties":{"nr":"123","dzielnica":"Dzielnica V"},"geometry":{"type":"Polygon","coordinates":[[[19.90992,50.07175],[19.90984,50.07153],[19.90949,50.07157],[19.90933,50.07134],[19.90727,50.07158],[19.90706,50.07132],[19.9078,50.07113],[19.90746,50.07013],[19.90897,50.07009],[19.90871,50.06938],[19.90393,50.07003],[19.90583,50.0758],[19.90617,50.07578],[19.90762,50.07473],[19.91006,50.07426],[19.91027,50.07408],[19.91013,50.07382],[19.9106,50.07371],[19.90975,50.07214],[19.91005,50.07207],[19.90992,50.07175]]]}},{"type":"Feature","properties":{"nr":"124","dzielnica":"Dzielnica V"},"geometry":{"type":"Polygon","coordinates":[[[19.90399,50.07024],[19.90393,50.07003],[19.90553,50.06982],[19.90511,50.06863],[19.90356,50.06886],[19.90319,50.06772],[19.90274,50.0634],[19.90247,50.06319],[19.89224,50.06645],[19.89216,50.06629],[19.89109,50.06648],[19.88808,50.06757],[19.88795,50.06802],[19.88724,50.06874],[19.88742,50.07043],[19.88768,50.07063],[19.88752,50.07096],[19.88803,50.07129],[19.88808,50.07227],[19.8891,50.07187],[19.88936,50.07233],[19.90399,50.07024]]]}},{"type":"Feature","properties":{"nr":"125","dzielnica":"Dzielnica VI"},"geometry":{"type":"MultiPolygon","coordinates":[[[[19.89634,50.07138],[19.89666,50.07243],[19.89722,50.0726],[19.89745,50.07349],[19.89779,50.07367],[19.8974,50.07391],[19.8977,50.07546],[19.89899,50.07534],[19.8993,50.07554],[19.89962,50.076],[19.9001,50.0781],[19.90126,50.07768],[19.90046,50.07493],[19.90161,50.07478],[19.9015,50.07418],[19.90457,50.07413],[19.90457,50.07367],[19.90512,50.07365],[19.90399,50.07024],[19.89634,50.07138]]],[[[19.8959,50.07145],[19.8966,50.07134],[19.89634,50.07138],[19.8959,50.07145]]]]}},{"type":"Feature","properties":{"nr":"126","dzielnica":"Dzielnica VI"},"geometry":{"type":"Polygon","coordinates":[[[19.90542,50.0745],[19.90512,50.07365],[19.90457,50.07367],[19.90457,50.07413],[19.9015,50.07418],[19.90161,50.07478],[19.90046,50.07493],[19.90126,50.07768],[19.90599,50.07584],[19.90583,50.0758],[19.90542,50.0745]]]}},{"type":"Feature","properties":{"nr":"127","dzielnica":"Dzielnica VI"},"geometry":{"type":"Polygon","coordinates":[[[19.90308,50.08281],[19.90454,50.08261],[19.90935,50.08244],[19.90619,50.0759],[19.89925,50.07842],[19.90032,50.08175],[19.90216,50.08299],[19.90308,50.08281]]]}},{"type":"Feature","properties":{"nr":"128","dzielnica":"Dzielnica VI"},"geometry":{"type":"Polygon","coordinates":[[[19.89925,50.07842],[19.89291,50.08077],[19.89063,50.08124],[19.89074,50.08151],[19.88814,50.08242],[19.88832,50.08324],[19.89635,50.08381],[19.8999,50.08345],[19.90216,50.08299],[19.90032,50.08175],[19.89925,50.07842]]]}},{"type":"Feature","properties":{"nr":"129","dzielnica":"Dzielnica VI"},"geometry":{"type":"Polygon","coordinates":[[[19.89625,50.07954],[19.9001,50.0781],[19.89962,50.076],[19.89899,50.07534],[19.8977,50.07546],[19.8974,50.07391],[19.89682,50.07393],[19.89685,50.07472],[19.89749,50.07707],[19.89705,50.07713],[19.89711,50.07747],[19.89678,50.07741],[19.89651,50.07777],[19.89614,50.07781],[19.89619,50.078],[19.89592,50.07802],[19.896,50.07838],[19.8957,50.0784],[19.89545,50.0773],[19.8949,50.07732],[19.89478,50.0769],[19.89412,50.07694],[19.89406,50.07669],[19.89145,50.07694],[19.89202,50.08098],[19.89625,50.07954]]]}},{"type":"Feature","properties":{"nr":"130","dzielnica":"Dzielnica VI"},"geometry":{"type":"Polygon","coordinates":[[[19.89145,50.07694],[19.89406,50.07669],[19.89412,50.07694],[19.89478,50.0769],[19.8949,50.07732],[19.89545,50.0773],[19.8957,50.0784],[19.896,50.07838],[19.89592,50.07802],[19.89619,50.078],[19.89614,50.07781],[19.89651,50.07777],[19.89678,50.07741],[19.89711,50.07747],[19.89705,50.07713],[19.89749,50.07707],[19.89685,50.07472],[19.89682,50.07393],[19.8974,50.07391],[19.89779,50.07367],[19.89745,50.07349],[19.89722,50.0726],[19.89666,50.07243],[19.89634,50.07138],[19.88936,50.07233],[19.8891,50.07187],[19.88808,50.07227],[19.88798,50.07353],[19.88856,50.07579],[19.89063,50.08124],[19.89202,50.08098],[19.89145,50.07694]]]}},{"type":"Feature","properties":{"nr":"131","dzielnica":"Dzielnica VI"},"geometry":{"type":"Polygon","coordinates":[[[19.87186,50.08236],[19.8807,50.08294],[19.88078,50.08221],[19.88,50.07882],[19.88017,50.07811],[19.88075,50.07806],[19.88236,50.07694],[19.88288,50.07681],[19.88267,50.07625],[19.88856,50.07579],[19.88798,50.07353],[19.88803,50.07129],[19.88752,50.07096],[19.88768,50.07063],[19.88742,50.07043],[19.88726,50.06943],[19.88728,50.06865],[19.88795,50.06802],[19.88806,50.06748],[19.88765,50.06728],[19.88664,50.06747],[19.88401,50.06747],[19.88226,50.06775],[19.88131,50.06807],[19.87898,50.0694],[19.87324,50.07176],[19.87202,50.07196],[19.86802,50.07207],[19.86602,50.07317],[19.86339,50.07356],[19.86034,50.07546],[19.8604,50.077],[19.86165,50.07704],[19.86562,50.07615],[19.8671,50.07683],[19.86832,50.08094],[19.87179,50.08078],[19.87186,50.08236]]]}},{"type":"Feature","properties":{"nr":"132","dzielnica":"Dzielnica VI"},"geometry":{"type":"Polygon","coordinates":[[[19.88814,50.08242],[19.89074,50.08151],[19.88856,50.07579],[19.88267,50.07625],[19.88288,50.07681],[19.88236,50.07694],[19.88075,50.07806],[19.88017,50.07811],[19.88,50.07882],[19.88594,50.07767],[19.88571,50.07863],[19.88602,50.07919],[19.88674,50.08202],[19.88761,50.08185],[19.88764,50.08242],[19.88814,50.08242]]]}},{"type":"Feature","properties":{"nr":"133","dzielnica":"Dzielnica VI"},"geometry":{"type":"Polygon","coordinates":[[[19.88113,50.0801],[19.88317,50.07996],[19.88305,50.07965],[19.88399,50.07951],[19.88608,50.07947],[19.88571,50.07863],[19.88594,50.07767],[19.88081,50.07865],[19.88113,50.0801]]]}},{"type":"Feature","properties":{"nr":"134","dzielnica":"Dzielnica VI"},"geometry":{"type":"Polygon","coordinates":[[[19.88815,50.08278],[19.88814,50.08242],[19.88764,50.08242],[19.88761,50.08185],[19.88674,50.08202],[19.88608,50.07947],[19.88399,50.07951],[19.88305,50.07965],[19.88317,50.07996],[19.88113,50.0801],[19.88081,50.07865],[19.88,50.07882],[19.88078,50.08221],[19.8807,50.08294],[19.88832,50.08324],[19.88815,50.08278]]]}},{"type":"Feature","properties":{"nr":"135","dzielnica":"Dzielnica VI"},"geometry":{"type":"Polygon","coordinates":[[[19.89139,50.08755],[19.89226,50.08751],[19.89246,50.08727],[19.89145,50.08656],[19.89134,50.08343],[19.8807,50.08294],[19.88042,50.08317],[19.88067,50.08368],[19.8803,50.08427],[19.88058,50.0853],[19.88091,50.0857],[19.88125,50.08572],[19.88116,50.08609],[19.88149,50.08672],[19.88115,50.08697],[19.88166,50.0879],[19.88203,50.08814],[19.88149,50.08907],[19.8795,50.08963],[19.87965,50.08997],[19.88031,50.09019],[19.88114,50.09123],[19.88643,50.08906],[19.89007,50.0878],[19.89139,50.08755]]]}},{"type":"Feature","properties":{"nr":"136","dzielnica":"Dzielnica VI"},"geometry":{"type":"Polygon","coordinates":[[[19.87293,50.08565],[19.8768,50.08561],[19.87593,50.08262],[19.87186,50.08236],[19.87179,50.08078],[19.86832,50.08094],[19.8671,50.07683],[19.86562,50.07615],[19.86165,50.07704],[19.8604,50.077],[19.86034,50.07546],[19.85837,50.07664],[19.85569,50.07676],[19.85319,50.07778],[19.84861,50.07785],[19.8484,50.08165],[19.84905,50.08218],[19.84876,50.08275],[19.84882,50.083],[19.84704,50.08299],[19.84617,50.08331],[19.84601,50.08374],[19.84679,50.08518],[19.84749,50.08506],[19.8474,50.08486],[19.84778,50.08479],[19.84854,50.08485],[19.84879,50.08555],[19.84873,50.08608],[19.84811,50.0873],[19.85817,50.09006],[19.85969,50.09322],[19.86158,50.09266],[19.86105,50.09222],[19.86113,50.09165],[19.86257,50.09047],[19.86716,50.08822],[19.87165,50.08701],[19.87293,50.08565]]]}},{"type":"Feature","properties":{"nr":"137","dzielnica":"Dzielnica VI"},"geometry":{"type":"Polygon","coordinates":[[[19.84861,50.07785],[19.84683,50.07791],[19.84582,50.07818],[19.84489,50.07864],[19.84225,50.08054],[19.84112,50.08188],[19.83927,50.08287],[19.83885,50.08369],[19.83785,50.08442],[19.83764,50.08518],[19.83828,50.08608],[19.83812,50.0869],[19.8367,50.088],[19.83453,50.0885],[19.83557,50.08959],[19.83647,50.08933],[19.83776,50.09046],[19.83818,50.09035],[19.8385,50.09066],[19.83904,50.09066],[19.84008,50.09144],[19.84094,50.09179],[19.84186,50.09182],[19.8431,50.09238],[19.84374,50.09217],[19.84499,50.09222],[19.84687,50.09302],[19.85187,50.09443],[19.85543,50.09369],[19.85862,50.0935],[19.85969,50.09322],[19.85817,50.09006],[19.84811,50.0873],[19.84873,50.08608],[19.84879,50.08555],[19.84854,50.08485],[19.84778,50.08479],[19.8474,50.08486],[19.84749,50.08506],[19.84679,50.08518],[19.84601,50.08374],[19.84617,50.08331],[19.84704,50.08299],[19.84882,50.083],[19.84876,50.08275],[19.84905,50.08218],[19.8484,50.08165],[19.84861,50.07785]]]}},{"type":"Feature","properties":{"nr":"138","dzielnica":"Dzielnica VII"},"geometry":{"type":"Polygon","coordinates":[[[19.83212,50.08854],[19.83437,50.08831],[19.83453,50.0885],[19.83511,50.08844],[19.83626,50.08818],[19.8373,50.08761],[19.83829,50.08663],[19.83828,50.08608],[19.83764,50.08518],[19.83785,50.08442],[19.83885,50.08369],[19.83927,50.08287],[19.84112,50.08188],[19.84225,50.08054],[19.84489,50.07864],[19.84267,50.07176],[19.84076,50.07001],[19.83991,50.06986],[19.84011,50.06942],[19.83974,50.06909],[19.83971,50.0684],[19.84031,50.06799],[19.84321,50.06808],[19.84085,50.06609],[19.84002,50.0663],[19.83913,50.06604],[19.83903,50.06507],[19.83832,50.06416],[19.83783,50.06383],[19.83604,50.06358],[19.8364,50.06331],[19.83605,50.06291],[19.83532,50.06311],[19.83444,50.06287],[19.83357,50.06319],[19.83338,50.06354],[19.83301,50.06346],[19.83311,50.06309],[19.83203,50.06276],[19.83144,50.062],[19.83102,50.06196],[19.83086,50.06262],[19.83042,50.06259],[19.83024,50.06362],[19.82905,50.06347],[19.8297,50.0606],[19.8299,50.06054],[19.8298,50.06023],[19.82898,50.05983],[19.82204,50.0582],[19.81984,50.05822],[19.81587,50.05935],[19.8112,50.05846],[19.8109,50.05916],[19.81046,50.0592],[19.81042,50.05942],[19.80984,50.05978],[19.80929,50.061],[19.80453,50.0621],[19.80461,50.06455],[19.8017,50.06921],[19.80541,50.07157],[19.8061,50.07227],[19.80833,50.07703],[19.80844,50.07761],[19.80829,50.07839],[19.8094,50.07935],[19.81124,50.08016],[19.81342,50.08028],[19.81829,50.08099],[19.81935,50.08173],[19.82328,50.08259],[19.82369,50.08342],[19.82536,50.08413],[19.828,50.0858],[19.82928,50.08769],[19.82987,50.0879],[19.82983,50.08811],[19.83212,50.08854]]]}},{"type":"Feature","properties":{"nr":"139","dzielnica":"Dzielnica VII"},"geometry":{"type":"Polygon","coordinates":[[[19.83532,50.06311],[19.83605,50.06291],[19.8364,50.06331],[19.83604,50.06358],[19.83624,50.06369],[19.83783,50.06383],[19.83832,50.06416],[19.83903,50.06507],[19.83913,50.06604],[19.84002,50.0663],[19.84085,50.06609],[19.84321,50.06808],[19.84031,50.06799],[19.83971,50.0684],[19.83974,50.06909],[19.84011,50.06942],[19.83991,50.06986],[19.84076,50.07001],[19.84267,50.07176],[19.84489,50.07864],[19.84683,50.07791],[19.85261,50.07787],[19.85423,50.07744],[19.85569,50.07676],[19.85837,50.07664],[19.86303,50.07372],[19.86633,50.07303],[19.86477,50.0705],[19.86538,50.07037],[19.86431,50.06889],[19.86374,50.06901],[19.86407,50.06963],[19.86338,50.06981],[19.86278,50.06884],[19.86013,50.06934],[19.85781,50.07019],[19.85662,50.07004],[19.85665,50.06986],[19.85677,50.07001],[19.85716,50.06993],[19.8574,50.06909],[19.85637,50.06667],[19.85704,50.06656],[19.85612,50.06374],[19.85086,50.05988],[19.8443,50.05977],[19.84368,50.05954],[19.8435,50.05908],[19.84402,50.05864],[19.84573,50.05808],[19.84704,50.05731],[19.84686,50.05689],[19.84585,50.05641],[19.84523,50.0551],[19.84285,50.05426],[19.84087,50.05213],[19.81957,50.05245],[19.81993,50.0532],[19.81996,50.05417],[19.8205,50.05507],[19.82048,50.05662],[19.82147,50.05819],[19.82898,50.05983],[19.8298,50.06023],[19.8299,50.06054],[19.8297,50.0606],[19.82905,50.06347],[19.83024,50.06362],[19.83042,50.06259],[19.83086,50.06262],[19.83102,50.06196],[19.83144,50.062],[19.83203,50.06276],[19.83311,50.06309],[19.83301,50.06346],[19.83338,50.06354],[19.83357,50.06319],[19.83444,50.06287],[19.83532,50.06311]]]}},{"type":"Feature","properties":{"nr":"140","dzielnica":"Dzielnica VII"},"geometry":{"type":"Polygon","coordinates":[[[19.84635,50.0528],[19.84852,50.05017],[19.84668,50.0501],[19.84484,50.05064],[19.84398,50.04976],[19.84334,50.04952],[19.84708,50.04233],[19.84116,50.03835],[19.83942,50.03755],[19.83704,50.03667],[19.83329,50.03601],[19.83003,50.03567],[19.82854,50.03532],[19.8277,50.03492],[19.82697,50.03449],[19.8267,50.03411],[19.82631,50.03317],[19.82632,50.03239],[19.82209,50.03186],[19.82033,50.03198],[19.81865,50.03234],[19.81608,50.03352],[19.81529,50.03396],[19.81441,50.03491],[19.81347,50.03537],[19.81257,50.03763],[19.81285,50.03888],[19.81237,50.03989],[19.81037,50.04069],[19.81098,50.04313],[19.81386,50.04552],[19.8174,50.04887],[19.81756,50.04881],[19.81843,50.04956],[19.81841,50.05016],[19.81951,50.05158],[19.81957,50.05245],[19.84087,50.05213],[19.84216,50.05336],[19.84635,50.0528]]]}},{"type":"Feature","properties":{"nr":"141","dzielnica":"Dzielnica VII"},"geometry":{"type":"Polygon","coordinates":[[[19.88534,50.04745],[19.88465,50.04746],[19.88544,50.04383],[19.88548,50.04058],[19.88779,50.04032],[19.88976,50.04046],[19.8898,50.03828],[19.88448,50.03811],[19.87952,50.03871],[19.87809,50.03938],[19.87249,50.04319],[19.86904,50.04392],[19.8659,50.04392],[19.86111,50.0434],[19.85163,50.04338],[19.84907,50.04304],[19.84708,50.04233],[19.84334,50.04952],[19.84398,50.04976],[19.84484,50.05064],[19.84728,50.05006],[19.84852,50.05017],[19.84916,50.05055],[19.85139,50.04978],[19.85168,50.0518],[19.85289,50.05273],[19.85511,50.05394],[19.85884,50.05292],[19.85929,50.05192],[19.85975,50.05167],[19.8711,50.05496],[19.87156,50.05558],[19.87147,50.05594],[19.87269,50.05596],[19.87487,50.05702],[19.87496,50.05754],[19.87699,50.05748],[19.88088,50.05721],[19.88114,50.05657],[19.88107,50.05596],[19.88062,50.05486],[19.8808,50.05417],[19.88115,50.05398],[19.88155,50.05294],[19.8835,50.05256],[19.88439,50.0512],[19.88507,50.04852],[19.88631,50.04856],[19.88638,50.04745],[19.88534,50.04745]]]}},{"type":"Feature","properties":{"nr":"142","dzielnica":"Dzielnica VII"},"geometry":{"type":"Polygon","coordinates":[[[19.8771,50.06914],[19.87692,50.06893],[19.8773,50.06875],[19.87664,50.06827],[19.87544,50.06672],[19.87639,50.06642],[19.87679,50.06687],[19.87724,50.06667],[19.87652,50.06547],[19.87607,50.06515],[19.87548,50.06532],[19.87183,50.06487],[19.87088,50.06426],[19.87065,50.06357],[19.87022,50.06302],[19.86956,50.06315],[19.86932,50.06254],[19.86914,50.06201],[19.87044,50.06183],[19.87077,50.06151],[19.87051,50.06042],[19.87007,50.06013],[19.86996,50.05984],[19.86849,50.05903],[19.86521,50.05847],[19.86467,50.05823],[19.86506,50.05645],[19.86479,50.05632],[19.86493,50.0557],[19.86657,50.0552],[19.86698,50.05473],[19.86783,50.05479],[19.86803,50.05407],[19.85975,50.05167],[19.85929,50.05192],[19.85884,50.05292],[19.85511,50.05394],[19.85289,50.05273],[19.85168,50.0518],[19.85139,50.04978],[19.84916,50.05055],[19.84852,50.05017],[19.84635,50.0528],[19.84216,50.05336],[19.84285,50.05426],[19.84523,50.0551],[19.84585,50.05641],[19.84686,50.05689],[19.84704,50.05731],[19.84573,50.05808],[19.84402,50.05864],[19.8435,50.05908],[19.84368,50.05954],[19.8443,50.05977],[19.85086,50.05988],[19.85612,50.06374],[19.85704,50.06656],[19.85637,50.06667],[19.8574,50.06909],[19.85716,50.06993],[19.85677,50.07001],[19.85665,50.06986],[19.85662,50.07004],[19.85781,50.07019],[19.86013,50.06934],[19.86278,50.06884],[19.86338,50.06981],[19.86407,50.06963],[19.86374,50.06901],[19.86431,50.06889],[19.86538,50.07037],[19.86477,50.0705],[19.86633,50.07303],[19.86802,50.07207],[19.87202,50.07196],[19.87324,50.07176],[19.8775,50.06997],[19.87749,50.06963],[19.8771,50.06914]]]}},{"type":"Feature","properties":{"nr":"143","dzielnica":"Dzielnica VII"},"geometry":{"type":"Polygon","coordinates":[[[19.86956,50.06315],[19.87022,50.06302],[19.87065,50.06357],[19.87088,50.06426],[19.87183,50.06487],[19.87548,50.06532],[19.87607,50.06515],[19.87652,50.06547],[19.87724,50.06667],[19.87679,50.06687],[19.87639,50.06642],[19.87544,50.06672],[19.87664,50.06827],[19.8773,50.06875],[19.87692,50.06893],[19.87749,50.06963],[19.8775,50.06997],[19.88226,50.06775],[19.88401,50.06747],[19.88664,50.06747],[19.88765,50.06728],[19.88813,50.06757],[19.89109,50.06648],[19.89216,50.06629],[19.89224,50.06645],[19.90247,50.06319],[19.90235,50.06287],[19.90249,50.06283],[19.90213,50.06233],[19.90223,50.06223],[19.90069,50.06038],[19.89559,50.06217],[19.89416,50.06312],[19.89028,50.06654],[19.8878,50.06723],[19.88713,50.06639],[19.88722,50.06627],[19.88894,50.06553],[19.88916,50.06574],[19.88877,50.06602],[19.88939,50.06645],[19.89071,50.0658],[19.88992,50.06555],[19.89128,50.06523],[19.89284,50.0638],[19.89193,50.06332],[19.89082,50.06345],[19.89011,50.06315],[19.89009,50.06298],[19.88859,50.06312],[19.88836,50.06264],[19.8879,50.0627],[19.88734,50.06169],[19.88985,50.06134],[19.88997,50.06096],[19.89094,50.06073],[19.89084,50.06045],[19.89049,50.0605],[19.88877,50.05624],[19.8816,50.05718],[19.87496,50.05754],[19.87487,50.05702],[19.87269,50.05596],[19.87147,50.05594],[19.87156,50.05558],[19.8711,50.05496],[19.86803,50.05407],[19.86783,50.05479],[19.86698,50.05473],[19.86657,50.0552],[19.86493,50.0557],[19.86479,50.05632],[19.86506,50.05645],[19.86467,50.05823],[19.86521,50.05847],[19.86849,50.05903],[19.86996,50.05984],[19.87007,50.06013],[19.87051,50.06042],[19.87077,50.06151],[19.87044,50.06183],[19.86914,50.06201],[19.86956,50.06315]]]}},{"type":"Feature","properties":{"nr":"144","dzielnica":"Dzielnica VII"},"geometry":{"type":"Polygon","coordinates":[[[19.89032,50.06566],[19.89071,50.0658],[19.88939,50.06645],[19.88877,50.06602],[19.88916,50.06574],[19.88894,50.06553],[19.88713,50.06639],[19.8878,50.06723],[19.89028,50.06654],[19.89416,50.06312],[19.89559,50.06217],[19.90069,50.06038],[19.90348,50.05899],[19.90686,50.05685],[19.90385,50.05635],[19.90372,50.05612],[19.90128,50.05588],[19.89951,50.05437],[19.89914,50.0536],[19.89366,50.0535],[19.89189,50.053],[19.89129,50.05375],[19.89048,50.05537],[19.88877,50.05624],[19.89049,50.0605],[19.89084,50.06045],[19.89094,50.06073],[19.88997,50.06096],[19.88985,50.06134],[19.88734,50.06169],[19.8879,50.0627],[19.88836,50.06264],[19.88859,50.06312],[19.89009,50.06298],[19.89011,50.06315],[19.89082,50.06345],[19.89193,50.06332],[19.89284,50.0638],[19.89128,50.06523],[19.88992,50.06555],[19.89032,50.06566]]]}},{"type":"Feature","properties":{"nr":"145","dzielnica":"Dzielnica VII"},"geometry":{"type":"Polygon","coordinates":[[[19.89151,50.05342],[19.89189,50.053],[19.89366,50.0535],[19.89914,50.0536],[19.89951,50.05437],[19.90128,50.05588],[19.90372,50.05612],[19.90385,50.05635],[19.90686,50.05685],[19.90815,50.0561],[19.91281,50.0552],[19.91396,50.05474],[19.91479,50.05404],[19.91581,50.05277],[19.91344,50.05242],[19.91343,50.05167],[19.91311,50.05119],[19.90997,50.05108],[19.90898,50.05076],[19.90726,50.04974],[19.90604,50.04832],[19.90467,50.04595],[19.90085,50.04122],[19.89874,50.03957],[19.89593,50.03858],[19.8898,50.03828],[19.88976,50.04046],[19.88779,50.04032],[19.88548,50.04058],[19.88544,50.04383],[19.88465,50.04746],[19.88638,50.04745],[19.88631,50.04856],[19.88507,50.04852],[19.88439,50.0512],[19.8835,50.05256],[19.88155,50.05294],[19.88115,50.05398],[19.8808,50.05417],[19.88062,50.05486],[19.88107,50.05596],[19.88114,50.05657],[19.88088,50.05721],[19.88498,50.05685],[19.8889,50.05621],[19.89048,50.05537],[19.89151,50.05342]]]}},{"type":"Feature","properties":{"nr":"146","dzielnica":"Dzielnica VII"},"geometry":{"type":"Polygon","coordinates":[[[19.9024,50.06298],[19.90271,50.0629],[19.90266,50.0626],[19.90422,50.06236],[19.90428,50.06253],[19.92407,50.05941],[19.92459,50.05946],[19.92468,50.05916],[19.91801,50.05829],[19.91836,50.05722],[19.91893,50.05727],[19.91879,50.05698],[19.91915,50.0561],[19.91779,50.05545],[19.9185,50.05535],[19.91921,50.05471],[19.91894,50.05459],[19.9189,50.05428],[19.91791,50.05461],[19.91761,50.05449],[19.91735,50.05479],[19.91692,50.05465],[19.91664,50.05499],[19.91494,50.05444],[19.91479,50.05404],[19.91396,50.05474],[19.91281,50.0552],[19.90815,50.0561],[19.90348,50.05899],[19.90069,50.06038],[19.90223,50.06223],[19.90213,50.06233],[19.90249,50.06283],[19.9024,50.06298]]]}},{"type":"Feature","properties":{"nr":"147","dzielnica":"Dzielnica VII"},"geometry":{"type":"Polygon","coordinates":[[[19.92259,50.05582],[19.92241,50.05591],[19.9189,50.05428],[19.91894,50.05459],[19.91921,50.05471],[19.9185,50.05535],[19.91779,50.05545],[19.91915,50.0561],[19.91879,50.05698],[19.91893,50.05727],[19.91836,50.05722],[19.91801,50.05829],[19.92551,50.05922],[19.92746,50.05582],[19.92802,50.05539],[19.92753,50.05518],[19.92688,50.0553],[19.92658,50.05492],[19.92591,50.05546],[19.92511,50.05702],[19.92371,50.05636],[19.92403,50.05601],[19.92367,50.05586],[19.92341,50.05613],[19.92259,50.05582]]]}},{"type":"Feature","properties":{"nr":"148","dzielnica":"Dzielnica VII"},"geometry":{"type":"Polygon","coordinates":[[[19.92568,50.05582],[19.92658,50.05492],[19.92688,50.0553],[19.92753,50.05518],[19.92802,50.05539],[19.92805,50.055],[19.9279,50.05492],[19.92849,50.05417],[19.92473,50.05263],[19.92184,50.05196],[19.9158,50.0512],[19.91311,50.05119],[19.91343,50.05167],[19.91344,50.05242],[19.91581,50.05277],[19.91479,50.05404],[19.91494,50.05444],[19.91664,50.05499],[19.91692,50.05465],[19.91735,50.05479],[19.91761,50.05449],[19.91791,50.05461],[19.9189,50.05428],[19.92241,50.05591],[19.92259,50.05582],[19.92341,50.05613],[19.92367,50.05586],[19.92403,50.05601],[19.92371,50.05636],[19.92511,50.05702],[19.92568,50.05582]]]}},{"type":"Feature","properties":{"nr":"149","dzielnica":"Dzielnica VIII"},"geometry":{"type":"Polygon","coordinates":[[[19.93326,50.04929],[19.93055,50.04843],[19.93024,50.04885],[19.92983,50.04852],[19.92997,50.04823],[19.92954,50.04809],[19.92849,50.04891],[19.92871,50.04907],[19.92752,50.04981],[19.92754,50.05012],[19.92787,50.05039],[19.92666,50.05118],[19.92597,50.05116],[19.92593,50.05162],[19.92622,50.05164],[19.92607,50.05197],[19.92633,50.05197],[19.92577,50.05301],[19.92916,50.05436],[19.93015,50.05445],[19.93138,50.0542],[19.93432,50.0496],[19.93326,50.04929]]]}},{"type":"Feature","properties":{"nr":"150","dzielnica":"Dzielnica VIII"},"geometry":{"type":"Polygon","coordinates":[[[19.92954,50.04809],[19.9271,50.04729],[19.92671,50.04754],[19.92591,50.04728],[19.926,50.04693],[19.92462,50.04647],[19.92359,50.04762],[19.92234,50.04961],[19.92154,50.05191],[19.92577,50.05301],[19.92633,50.05197],[19.92607,50.05197],[19.92622,50.05164],[19.92593,50.05162],[19.92597,50.05116],[19.92666,50.05118],[19.92787,50.05039],[19.92754,50.05012],[19.92752,50.04981],[19.92871,50.04907],[19.92849,50.04891],[19.92954,50.04809]]]}},{"type":"Feature","properties":{"nr":"151","dzielnica":"Dzielnica VIII"},"geometry":{"type":"Polygon","coordinates":[[[19.93041,50.0408],[19.9316,50.04087],[19.93147,50.04153],[19.93169,50.04168],[19.93404,50.04209],[19.93367,50.04304],[19.93105,50.04258],[19.92985,50.04559],[19.93234,50.04618],[19.93207,50.04753],[19.93052,50.04753],[19.93055,50.04843],[19.93432,50.0496],[19.93599,50.04749],[19.9378,50.04578],[19.93966,50.04503],[19.94206,50.04483],[19.93561,50.04103],[19.93523,50.03978],[19.93484,50.03936],[19.93243,50.03797],[19.93047,50.03971],[19.93013,50.04078],[19.93041,50.0408]]]}},{"type":"Feature","properties":{"nr":"152","dzielnica":"Dzielnica VIII"},"geometry":{"type":"Polygon","coordinates":[[[19.93035,50.04438],[19.93105,50.04258],[19.93367,50.04304],[19.93404,50.04209],[19.93169,50.04168],[19.93147,50.04153],[19.9316,50.04087],[19.93013,50.04078],[19.92985,50.04163],[19.92938,50.04188],[19.92968,50.04208],[19.92879,50.0426],[19.92887,50.04317],[19.92923,50.04321],[19.92734,50.04422],[19.9277,50.04455],[19.92762,50.04472],[19.93007,50.04508],[19.93035,50.04438]]]}},{"type":"Feature","properties":{"nr":"153","dzielnica":"Dzielnica VIII"},"geometry":{"type":"Polygon","coordinates":[[[19.925,50.04208],[19.92449,50.04313],[19.92375,50.04304],[19.92322,50.04387],[19.92624,50.04476],[19.92603,50.04501],[19.92631,50.04508],[19.92748,50.04435],[19.92734,50.04422],[19.92923,50.04321],[19.92887,50.04317],[19.92879,50.0426],[19.92732,50.04172],[19.92679,50.04163],[19.92646,50.04229],[19.925,50.04208]]]}},{"type":"Feature","properties":{"nr":"154","dzielnica":"Dzielnica VIII"},"geometry":{"type":"Polygon","coordinates":[[[19.92375,50.04304],[19.92449,50.04313],[19.925,50.04208],[19.92646,50.04229],[19.92679,50.04163],[19.92732,50.04172],[19.92879,50.0426],[19.92968,50.04208],[19.92938,50.04188],[19.92985,50.04163],[19.93047,50.03971],[19.93243,50.03797],[19.93045,50.0369],[19.92752,50.03685],[19.92566,50.03618],[19.92565,50.03795],[19.92539,50.03905],[19.92256,50.04365],[19.92322,50.04387],[19.92375,50.04304]]]}},{"type":"Feature","properties":{"nr":"155","dzielnica":"Dzielnica VIII"},"geometry":{"type":"Polygon","coordinates":[[[19.92539,50.03905],[19.92565,50.03795],[19.92567,50.03507],[19.92427,50.0346],[19.92308,50.03546],[19.9118,50.03238],[19.90606,50.034],[19.90657,50.03472],[19.90674,50.036],[19.90826,50.03799],[19.90824,50.03905],[19.90879,50.03993],[19.90889,50.04045],[19.90928,50.04089],[19.91053,50.04148],[19.91534,50.04229],[19.91501,50.0432],[19.91601,50.04345],[19.91631,50.04324],[19.91676,50.04332],[19.9178,50.0424],[19.91868,50.04245],[19.92007,50.04346],[19.92067,50.04367],[19.92028,50.04397],[19.9205,50.04408],[19.92091,50.04369],[19.92115,50.0438],[19.92077,50.0442],[19.92197,50.0446],[19.92539,50.03905]]]}},{"type":"Feature","properties":{"nr":"156","dzielnica":"Dzielnica VIII"},"geometry":{"type":"Polygon","coordinates":[[[19.92154,50.05191],[19.92234,50.04961],[19.92359,50.04762],[19.92462,50.04647],[19.926,50.04693],[19.92591,50.04728],[19.92671,50.04754],[19.9271,50.04729],[19.92997,50.04823],[19.92983,50.04852],[19.93024,50.04885],[19.93055,50.04843],[19.93052,50.04753],[19.93207,50.04753],[19.93234,50.04618],[19.92985,50.04559],[19.93007,50.04508],[19.92762,50.04472],[19.9277,50.04455],[19.92748,50.04435],[19.92631,50.04508],[19.92603,50.04501],[19.92624,50.04476],[19.92529,50.04439],[19.92256,50.04365],[19.92197,50.0446],[19.92077,50.0442],[19.92115,50.0438],[19.92091,50.04369],[19.9205,50.04408],[19.92028,50.04397],[19.92067,50.04367],[19.92007,50.04346],[19.91868,50.04245],[19.9178,50.0424],[19.91676,50.04332],[19.91631,50.04324],[19.91601,50.04345],[19.91501,50.0432],[19.91534,50.04229],[19.91053,50.04148],[19.91175,50.04318],[19.91153,50.04495],[19.9131,50.04454],[19.91311,50.04486],[19.91126,50.04664],[19.91122,50.04699],[19.90992,50.04774],[19.91235,50.04865],[19.91211,50.04915],[19.91301,50.05026],[19.91457,50.05017],[19.91486,50.05032],[19.91487,50.05116],[19.92154,50.05191]]]}},{"type":"Feature","properties":{"nr":"157","dzielnica":"Dzielnica VIII"},"geometry":{"type":"Polygon","coordinates":[[[19.91235,50.04865],[19.90992,50.04774],[19.91122,50.04699],[19.91126,50.04664],[19.91311,50.04486],[19.9131,50.04454],[19.91153,50.04495],[19.91175,50.04318],[19.91053,50.04148],[19.9095,50.04105],[19.90889,50.04045],[19.90879,50.03993],[19.90824,50.03905],[19.90826,50.03799],[19.90674,50.036],[19.90657,50.03472],[19.90586,50.03362],[19.90344,50.03171],[19.9019,50.03319],[19.90176,50.03385],[19.90112,50.03447],[19.90032,50.03471],[19.89721,50.03633],[19.89892,50.03736],[19.8976,50.03908],[19.89919,50.03984],[19.90085,50.04122],[19.90467,50.04595],[19.90604,50.04832],[19.90726,50.04974],[19.90898,50.05076],[19.90997,50.05108],[19.91487,50.05116],[19.91486,50.05032],[19.91457,50.05017],[19.91301,50.05026],[19.91211,50.04915],[19.91235,50.04865]]]}},{"type":"Feature","properties":{"nr":"158","dzielnica":"Dzielnica VIII"},"geometry":{"type":"Polygon","coordinates":[[[19.90112,50.03447],[19.90176,50.03385],[19.9019,50.03319],[19.90344,50.03171],[19.89852,50.02784],[19.89252,50.02992],[19.89347,50.03067],[19.89519,50.03028],[19.89501,50.03176],[19.89618,50.03215],[19.8962,50.03256],[19.89701,50.03269],[19.89688,50.03299],[19.89748,50.03307],[19.8974,50.03329],[19.89563,50.03298],[19.89556,50.03326],[19.89605,50.03334],[19.89595,50.03355],[19.89554,50.03353],[19.89546,50.03373],[19.89629,50.03391],[19.89589,50.03433],[19.89539,50.03428],[19.89533,50.03459],[19.89659,50.03467],[19.8964,50.03515],[19.89582,50.03549],[19.89578,50.03694],[19.89851,50.03789],[19.89892,50.03736],[19.89721,50.03633],[19.90032,50.03471],[19.90112,50.03447]]]}},{"type":"Feature","properties":{"nr":"159","dzielnica":"Dzielnica VIII"},"geometry":{"type":"Polygon","coordinates":[[[19.89614,50.03387],[19.89546,50.03373],[19.89554,50.03353],[19.89595,50.03355],[19.89605,50.03334],[19.89556,50.03326],[19.89563,50.03298],[19.8974,50.03329],[19.89748,50.03307],[19.89688,50.03299],[19.89701,50.03269],[19.8962,50.03256],[19.89618,50.03215],[19.89501,50.03176],[19.89519,50.03028],[19.89347,50.03067],[19.89252,50.02992],[19.88927,50.0312],[19.88712,50.02975],[19.88516,50.02983],[19.88355,50.03021],[19.884,50.0307],[19.8827,50.03304],[19.87991,50.03273],[19.87104,50.03103],[19.87023,50.03298],[19.86827,50.03269],[19.8669,50.03227],[19.86661,50.03297],[19.87135,50.0338],[19.87301,50.03433],[19.87774,50.03669],[19.87817,50.03716],[19.87742,50.03815],[19.87952,50.03871],[19.88448,50.03811],[19.88735,50.0381],[19.89593,50.03858],[19.8976,50.03908],[19.89851,50.03789],[19.89578,50.03694],[19.89582,50.03549],[19.8964,50.03515],[19.89659,50.03467],[19.89533,50.03459],[19.89539,50.03428],[19.89611,50.03422],[19.89629,50.03391],[19.89614,50.03387]]]}},{"type":"Feature","properties":{"nr":"160","dzielnica":"Dzielnica VIII"},"geometry":{"type":"Polygon","coordinates":[[[19.82632,50.03239],[19.82631,50.03317],[19.82697,50.03449],[19.82854,50.03532],[19.83704,50.03667],[19.84116,50.03835],[19.8466,50.04212],[19.84953,50.04311],[19.85061,50.04327],[19.8534,50.04343],[19.86111,50.0434],[19.86702,50.04398],[19.86993,50.04382],[19.87249,50.04319],[19.87809,50.03938],[19.87952,50.03871],[19.87742,50.03815],[19.87817,50.03716],[19.87774,50.03669],[19.87301,50.03433],[19.87135,50.0338],[19.86661,50.03297],[19.8669,50.03227],[19.86827,50.03269],[19.87023,50.03298],[19.87104,50.03103],[19.8593,50.02878],[19.85936,50.02831],[19.86022,50.02818],[19.86116,50.02659],[19.86306,50.02537],[19.86137,50.02447],[19.86007,50.02401],[19.85639,50.02311],[19.85192,50.0194],[19.85144,50.01742],[19.85,50.01581],[19.84953,50.01463],[19.84928,50.01277],[19.83913,50.01251],[19.83893,50.01417],[19.84022,50.01498],[19.84144,50.01802],[19.84022,50.02088],[19.83894,50.02198],[19.83727,50.02276],[19.83423,50.0224],[19.82934,50.02222],[19.82892,50.02279],[19.82851,50.02265],[19.827,50.0234],[19.82824,50.02418],[19.82877,50.02479],[19.82909,50.02616],[19.8282,50.02861],[19.82632,50.03239]]]}},{"type":"Feature","properties":{"nr":"161","dzielnica":"Dzielnica VIII"},"geometry":{"type":"Polygon","coordinates":[[[19.81826,50.02042],[19.82096,50.02057],[19.827,50.0234],[19.82851,50.02265],[19.82892,50.02279],[19.82934,50.02222],[19.83423,50.0224],[19.83727,50.02276],[19.83894,50.02198],[19.84022,50.02088],[19.84144,50.01802],[19.84022,50.01498],[19.83893,50.01417],[19.83737,50.01351],[19.83274,50.01212],[19.82972,50.01092],[19.82095,50.01201],[19.8208,50.01239],[19.81926,50.01215],[19.81917,50.01237],[19.81883,50.01232],[19.81874,50.01257],[19.81638,50.01355],[19.81586,50.01354],[19.81497,50.01387],[19.81453,50.01414],[19.81454,50.01442],[19.81166,50.01471],[19.81078,50.01324],[19.80969,50.01292],[19.8091,50.01299],[19.8091,50.01255],[19.80885,50.01253],[19.80882,50.01301],[19.80684,50.01324],[19.80332,50.01209],[19.80249,50.01216],[19.80021,50.01137],[19.79735,50.0115],[19.793,50.00969],[19.79259,50.01052],[19.79227,50.01209],[19.7924,50.01261],[19.79333,50.01394],[19.79371,50.0143],[19.79514,50.01496],[19.79758,50.01559],[19.79845,50.01607],[19.7997,50.0172],[19.80068,50.01846],[19.80083,50.02022],[19.80207,50.02286],[19.803,50.02417],[19.80502,50.02569],[19.80605,50.0261],[19.80714,50.02644],[19.80877,50.02656],[19.81032,50.02638],[19.81121,50.02601],[19.81237,50.02541],[19.81403,50.02328],[19.81496,50.02173],[19.81549,50.02129],[19.81708,50.02062],[19.81826,50.02042]]]}},{"type":"Feature","properties":{"nr":"162","dzielnica":"Dzielnica VIII"},"geometry":{"type":"Polygon","coordinates":[[[19.81874,50.01257],[19.81883,50.01232],[19.81917,50.01237],[19.81926,50.01215],[19.8208,50.01239],[19.82095,50.01201],[19.82972,50.01092],[19.83274,50.01212],[19.83737,50.01351],[19.83893,50.01417],[19.83913,50.01251],[19.84504,50.01266],[19.84452,50.00805],[19.84364,50.00765],[19.8431,50.00681],[19.84405,50.00655],[19.84445,50.00451],[19.84607,50.00353],[19.84949,50.00198],[19.85046,50.00107],[19.84571,49.99841],[19.84454,49.9952],[19.84479,49.99472],[19.84436,49.99457],[19.84399,49.99454],[19.84373,49.99483],[19.8431,49.99479],[19.84267,49.99503],[19.84116,49.99481],[19.83991,49.9949],[19.83799,49.99507],[19.83659,49.99558],[19.83159,49.99602],[19.82244,49.99627],[19.82185,49.99681],[19.81923,49.99701],[19.81845,49.99679],[19.81833,49.99646],[19.81516,49.99581],[19.81428,49.99528],[19.81422,49.99502],[19.81474,49.9944],[19.81402,49.99432],[19.81304,49.99454],[19.81307,49.99473],[19.81236,49.99475],[19.81161,49.99436],[19.811,49.99443],[19.81137,49.99389],[19.81025,49.99294],[19.8098,49.99307],[19.80955,49.99292],[19.80953,49.99218],[19.80591,49.99303],[19.80363,49.99292],[19.80346,49.9935],[19.80393,49.99427],[19.80257,49.99412],[19.80236,49.99337],[19.80178,49.9934],[19.80127,49.99398],[19.80091,49.99397],[19.80062,49.99481],[19.80095,49.99504],[19.80067,49.99532],[19.80078,49.99545],[19.80011,49.99578],[19.79887,49.99598],[19.79824,49.99527],[19.79649,49.99454],[19.79618,49.99509],[19.79571,49.99527],[19.79642,49.9965],[19.79655,49.99707],[19.79634,49.99877],[19.79535,50.00197],[19.79478,50.00578],[19.79427,50.00759],[19.793,50.00969],[19.79735,50.0115],[19.80021,50.01137],[19.80249,50.01216],[19.80332,50.01209],[19.80684,50.01324],[19.80882,50.01301],[19.80885,50.01253],[19.8091,50.01255],[19.8091,50.01299],[19.80969,50.01292],[19.81078,50.01324],[19.81166,50.01471],[19.81454,50.01442],[19.81453,50.01414],[19.81497,50.01387],[19.81586,50.01354],[19.81638,50.01355],[19.81874,50.01257]]]}},{"type":"Feature","properties":{"nr":"163","dzielnica":"Dzielnica VIII"},"geometry":{"type":"Polygon","coordinates":[[[19.86449,49.98308],[19.86768,49.98361],[19.87115,49.98495],[19.87322,49.9854],[19.87286,49.98602],[19.87276,49.9867],[19.87332,49.98753],[19.87393,49.9894],[19.87627,49.99227],[19.88429,49.99111],[19.89011,49.9907],[19.89024,49.99034],[19.89182,49.98998],[19.89193,49.98906],[19.89296,49.98849],[19.89278,49.98759],[19.8932,49.98693],[19.88696,49.98649],[19.88577,49.98472],[19.88624,49.98447],[19.88627,49.98312],[19.88888,49.98333],[19.88881,49.98271],[19.88747,49.98104],[19.88727,49.97934],[19.88651,49.97919],[19.88605,49.9788],[19.88612,49.97855],[19.88545,49.97832],[19.88544,49.97807],[19.88515,49.97793],[19.88529,49.97775],[19.88517,49.97738],[19.88545,49.97698],[19.88486,49.97653],[19.88467,49.97608],[19.88291,49.97564],[19.88209,49.97493],[19.88104,49.97472],[19.87995,49.97399],[19.87969,49.97353],[19.87944,49.97145],[19.87392,49.97142],[19.87247,49.97173],[19.87012,49.97188],[19.86896,49.9725],[19.8683,49.97326],[19.86772,49.97442],[19.86281,49.97493],[19.86072,49.9759],[19.86299,49.97658],[19.86294,49.97862],[19.8624,49.97865],[19.86229,49.97925],[19.86251,49.97927],[19.86246,49.97981],[19.86448,49.98013],[19.86449,49.98308]]]}},{"type":"Feature","properties":{"nr":"164","dzielnica":"Dzielnica VIII"},"geometry":{"type":"Polygon","coordinates":[[[19.86449,49.98308],[19.86438,49.98329],[19.8632,49.98376],[19.86266,49.98419],[19.86238,49.98471],[19.86077,49.98461],[19.85868,49.98489],[19.85656,49.98552],[19.85171,49.98544],[19.84879,49.98518],[19.84827,49.9902],[19.84915,49.99228],[19.8495,49.99466],[19.84845,49.9949],[19.84761,49.99462],[19.84685,49.99474],[19.84628,49.99456],[19.8448,49.99459],[19.84454,49.9952],[19.84571,49.99841],[19.85046,50.00107],[19.85252,49.99953],[19.8529,49.99796],[19.85298,49.99656],[19.85362,49.99604],[19.85854,49.99821],[19.85952,49.99999],[19.86303,49.99965],[19.86594,50.00039],[19.86707,50.00097],[19.8672,50.0003],[19.87044,49.99984],[19.87321,49.99993],[19.87398,49.99833],[19.87957,49.99853],[19.87934,49.9983],[19.88126,49.9969],[19.88645,49.99595],[19.89485,49.99487],[19.8931,49.99327],[19.89254,49.99234],[19.89022,49.99228],[19.88994,49.99084],[19.89011,49.9907],[19.88429,49.99111],[19.87627,49.99227],[19.87393,49.9894],[19.87332,49.98753],[19.87276,49.9867],[19.87286,49.98602],[19.87322,49.9854],[19.87115,49.98495],[19.86768,49.98361],[19.86449,49.98308]]]}},{"type":"Feature","properties":{"nr":"165","dzielnica":"Dzielnica VIII"},"geometry":{"type":"Polygon","coordinates":[[[19.88128,50.01594],[19.88114,50.01614],[19.87979,50.01594],[19.87926,50.01625],[19.87894,50.01617],[19.87865,50.01561],[19.87862,50.01577],[19.87662,50.01589],[19.87554,50.01621],[19.87556,50.01598],[19.87522,50.01579],[19.87419,50.01581],[19.87425,50.01548],[19.87344,50.015],[19.87017,50.0152],[19.86969,50.01513],[19.86972,50.01473],[19.86937,50.01469],[19.86925,50.01507],[19.86783,50.01497],[19.8661,50.01472],[19.86587,50.01424],[19.86557,50.01421],[19.86551,50.01443],[19.8643,50.01444],[19.86415,50.01473],[19.86308,50.01464],[19.86309,50.01427],[19.85484,50.01287],[19.84928,50.01277],[19.84953,50.01463],[19.85,50.01581],[19.85144,50.01742],[19.85192,50.0194],[19.85639,50.02311],[19.86007,50.02401],[19.86137,50.02447],[19.86306,50.02537],[19.86116,50.02659],[19.86022,50.02818],[19.85936,50.02831],[19.8593,50.02878],[19.87991,50.03273],[19.8827,50.03304],[19.884,50.0307],[19.88052,50.02603],[19.89134,50.02348],[19.89133,50.02472],[19.89436,50.02518],[19.89625,50.02252],[19.8942,50.02068],[19.89533,50.02021],[19.89472,50.01959],[19.89152,50.0204],[19.88989,50.01812],[19.89072,50.01814],[19.891,50.0178],[19.88978,50.01763],[19.88926,50.01677],[19.88923,50.01635],[19.88783,50.01634],[19.88677,50.01699],[19.88456,50.01638],[19.88494,50.01583],[19.88331,50.01562],[19.88307,50.01597],[19.88146,50.01569],[19.88128,50.01594]]]}},{"type":"Feature","properties":{"nr":"166","dzielnica":"Dzielnica VIII"},"geometry":{"type":"Polygon","coordinates":[[[19.86461,50.01397],[19.86469,50.01173],[19.86886,50.01177],[19.86931,50.01141],[19.86997,50.0096],[19.87359,50.00964],[19.87383,50.0097],[19.87401,50.01011],[19.87448,50.01021],[19.87513,50.00976],[19.87661,50.00924],[19.87703,50.00863],[19.87843,50.00815],[19.87895,50.00683],[19.87874,50.0068],[19.87881,50.00617],[19.87694,50.00562],[19.87706,50.00508],[19.87789,50.0038],[19.87956,50.00268],[19.87984,50.00229],[19.87994,50.00169],[19.88038,50.00095],[19.88026,50.00007],[19.87779,49.99997],[19.87757,49.99945],[19.87627,49.9994],[19.87647,49.99994],[19.87527,49.99993],[19.87519,49.99959],[19.87455,49.99958],[19.87321,49.99993],[19.87044,49.99984],[19.8672,50.0003],[19.86707,50.00097],[19.86594,50.00039],[19.86303,49.99965],[19.85952,49.99999],[19.85854,49.99821],[19.85362,49.99604],[19.85298,49.99656],[19.8529,49.99796],[19.85244,49.99965],[19.85167,50.00009],[19.84949,50.00198],[19.84607,50.00353],[19.84445,50.00451],[19.84405,50.00655],[19.8431,50.00681],[19.84364,50.00765],[19.84452,50.00805],[19.84504,50.01266],[19.85484,50.01287],[19.86309,50.01427],[19.86308,50.01464],[19.86415,50.01473],[19.86461,50.01397]]]}},{"type":"Feature","properties":{"nr":"167","dzielnica":"Dzielnica VIII"},"geometry":{"type":"Polygon","coordinates":[[[19.87832,50.0152],[19.88012,50.01522],[19.88003,50.01399],[19.87943,50.014],[19.8795,50.0134],[19.88031,50.01342],[19.88057,50.01066],[19.88403,50.01069],[19.88471,50.01047],[19.88255,50.00752],[19.88114,50.00756],[19.88094,50.00714],[19.87895,50.00683],[19.87843,50.00815],[19.87703,50.00863],[19.87661,50.00924],[19.87513,50.00976],[19.87448,50.01021],[19.87401,50.01011],[19.87383,50.0097],[19.87359,50.00964],[19.86997,50.0096],[19.86931,50.01141],[19.86886,50.01177],[19.86469,50.01173],[19.86461,50.01397],[19.8643,50.01444],[19.86551,50.01443],[19.86557,50.01421],[19.86587,50.01424],[19.8661,50.01472],[19.86925,50.01507],[19.86937,50.01469],[19.86972,50.01473],[19.86969,50.01513],[19.87017,50.0152],[19.87344,50.015],[19.87425,50.01548],[19.87419,50.01581],[19.87522,50.01579],[19.87556,50.01598],[19.87554,50.01621],[19.87662,50.01589],[19.87862,50.01577],[19.87832,50.0152]]]}},{"type":"Feature","properties":{"nr":"168","dzielnica":"Dzielnica VIII"},"geometry":{"type":"Polygon","coordinates":[[[19.89003,50.00681],[19.88845,50.00666],[19.88503,50.00714],[19.88094,50.00714],[19.88114,50.00756],[19.88255,50.00752],[19.88471,50.01047],[19.88772,50.0107],[19.88778,50.01212],[19.8876,50.0125],[19.88878,50.01404],[19.88901,50.01477],[19.89401,50.0147],[19.89505,50.01436],[19.89662,50.01316],[19.89691,50.01252],[19.89733,50.01215],[19.89792,50.01187],[19.8982,50.01128],[19.89783,50.01108],[19.89728,50.01132],[19.89689,50.01097],[19.89669,50.01037],[19.89618,50.01041],[19.89545,50.00931],[19.89503,50.0096],[19.8946,50.0096],[19.89373,50.00833],[19.89398,50.00814],[19.89364,50.0077],[19.89202,50.00769],[19.8913,50.00695],[19.89003,50.00681]]]}},{"type":"Feature","properties":{"nr":"169","dzielnica":"Dzielnica VIII"},"geometry":{"type":"Polygon","coordinates":[[[19.90835,50.01207],[19.90749,50.01074],[19.90779,50.01031],[19.90705,50.00943],[19.90747,50.00876],[19.90499,50.00716],[19.9038,50.00671],[19.90163,50.00649],[19.89858,50.00664],[19.89549,50.00757],[19.89364,50.0077],[19.89398,50.00814],[19.89373,50.00833],[19.8946,50.0096],[19.89503,50.0096],[19.89545,50.00931],[19.89618,50.01041],[19.89669,50.01037],[19.89689,50.01097],[19.89728,50.01132],[19.89783,50.01108],[19.8982,50.01128],[19.89792,50.01187],[19.89691,50.01252],[19.89662,50.01316],[19.89699,50.01453],[19.89832,50.01441],[19.89899,50.01385],[19.89969,50.01391],[19.90074,50.01463],[19.90207,50.01496],[19.90252,50.0154],[19.90261,50.01627],[19.90433,50.01829],[19.90352,50.01862],[19.90442,50.0199],[19.90652,50.01914],[19.90588,50.01851],[19.90784,50.01743],[19.90644,50.01672],[19.90746,50.01622],[19.9073,50.01606],[19.90784,50.01571],[19.90668,50.01445],[19.90606,50.01429],[19.90668,50.01396],[19.90565,50.01337],[19.9055,50.01292],[19.90835,50.01207]]]}},{"type":"Feature","properties":{"nr":"170","dzielnica":"Dzielnica VIII"},"geometry":{"type":"Polygon","coordinates":[[[19.88901,50.01477],[19.88929,50.01546],[19.88926,50.01677],[19.88948,50.01708],[19.89005,50.01524],[19.8922,50.01526],[19.89369,50.01778],[19.89565,50.01842],[19.89645,50.01906],[19.89683,50.01846],[19.89628,50.01796],[19.89651,50.01711],[19.89627,50.01681],[19.89918,50.01589],[19.90261,50.01627],[19.90252,50.0154],[19.90207,50.01496],[19.90074,50.01463],[19.89969,50.01391],[19.89899,50.01385],[19.89832,50.01441],[19.89699,50.01453],[19.89662,50.01316],[19.89505,50.01436],[19.89401,50.0147],[19.88901,50.01477]]]}},{"type":"Feature","properties":{"nr":"171","dzielnica":"Dzielnica VIII"},"geometry":{"type":"Polygon","coordinates":[[[19.90306,50.02555],[19.90251,50.02504],[19.90117,50.02312],[19.90018,50.02227],[19.90246,50.02175],[19.90121,50.02003],[19.90012,50.02025],[19.89938,50.02004],[19.89816,50.0205],[19.89565,50.01842],[19.89369,50.01778],[19.8922,50.01526],[19.89005,50.01524],[19.88948,50.01708],[19.88978,50.01763],[19.891,50.0178],[19.89072,50.01814],[19.88989,50.01812],[19.89152,50.0204],[19.89472,50.01959],[19.89533,50.02021],[19.8942,50.02068],[19.89625,50.02252],[19.89436,50.02518],[19.89796,50.02573],[19.90016,50.02542],[19.90241,50.02653],[19.90317,50.02639],[19.90371,50.02592],[19.90306,50.02555]]]}},{"type":"Feature","properties":{"nr":"172","dzielnica":"Dzielnica VIII"},"geometry":{"type":"Polygon","coordinates":[[[19.90189,50.02076],[19.90442,50.0199],[19.90352,50.01862],[19.90433,50.01829],[19.90261,50.01627],[19.89918,50.01589],[19.89627,50.01681],[19.89651,50.01711],[19.89628,50.01796],[19.89683,50.01846],[19.89645,50.01906],[19.89816,50.0205],[19.89938,50.02004],[19.90012,50.02025],[19.90121,50.02003],[19.90189,50.02076]]]}},{"type":"Feature","properties":{"nr":"173","dzielnica":"Dzielnica VIII"},"geometry":{"type":"Polygon","coordinates":[[[19.9087,50.01712],[19.90947,50.01672],[19.91022,50.01691],[19.91114,50.0164],[19.90987,50.01414],[19.90886,50.01297],[19.90835,50.01207],[19.9055,50.01292],[19.90565,50.01337],[19.90668,50.01396],[19.90606,50.01429],[19.90668,50.01445],[19.90784,50.01571],[19.9073,50.01606],[19.90746,50.01622],[19.90644,50.01672],[19.90797,50.01754],[19.9087,50.01712]]]}},{"type":"Feature","properties":{"nr":"174","dzielnica":"Dzielnica VIII"},"geometry":{"type":"Polygon","coordinates":[[[19.91007,50.01693],[19.90947,50.01672],[19.90797,50.01754],[19.90784,50.01743],[19.90625,50.01818],[19.90588,50.01851],[19.90652,50.01914],[19.90189,50.02076],[19.90246,50.02175],[19.90537,50.02108],[19.90573,50.0213],[19.90732,50.02052],[19.90784,50.021],[19.90836,50.02114],[19.90846,50.02127],[19.90827,50.0215],[19.90847,50.02158],[19.90876,50.02132],[19.90903,50.02154],[19.90976,50.02151],[19.90992,50.0218],[19.91114,50.02188],[19.91204,50.02217],[19.9122,50.02198],[19.91337,50.02228],[19.91513,50.02098],[19.91436,50.0206],[19.91366,50.01959],[19.9136,50.01888],[19.91114,50.0164],[19.91007,50.01693]]]}},{"type":"Feature","properties":{"nr":"175","dzielnica":"Dzielnica VIII"},"geometry":{"type":"Polygon","coordinates":[[[19.90774,50.02426],[19.91019,50.0241],[19.90953,50.02343],[19.90955,50.02317],[19.90814,50.02182],[19.90847,50.02158],[19.90827,50.0215],[19.90846,50.02127],[19.90836,50.02114],[19.90784,50.021],[19.90732,50.02052],[19.90573,50.0213],[19.90537,50.02108],[19.90414,50.02147],[19.90396,50.02128],[19.90018,50.02227],[19.90117,50.02312],[19.90251,50.02504],[19.90306,50.02555],[19.90469,50.02633],[19.90642,50.02474],[19.90774,50.02426]]]}},{"type":"Feature","properties":{"nr":"176","dzielnica":"Dzielnica VIII"},"geometry":{"type":"Polygon","coordinates":[[[19.90389,50.02791],[19.90534,50.02775],[19.90668,50.02717],[19.90851,50.02796],[19.9088,50.02759],[19.90901,50.02671],[19.9104,50.02672],[19.91059,50.02602],[19.90941,50.02593],[19.90943,50.02538],[19.91009,50.02509],[19.91019,50.0241],[19.90732,50.02434],[19.90642,50.02474],[19.90469,50.02633],[19.90371,50.02592],[19.90317,50.02639],[19.90241,50.02653],[19.90016,50.02542],[19.89796,50.02573],[19.89133,50.02472],[19.89134,50.02348],[19.88052,50.02603],[19.88355,50.03021],[19.88516,50.02983],[19.88712,50.02975],[19.88927,50.0312],[19.89852,50.02784],[19.90344,50.03171],[19.90491,50.03014],[19.90307,50.02865],[19.90276,50.02815],[19.90278,50.02796],[19.90389,50.02791]]]}},{"type":"Feature","properties":{"nr":"177","dzielnica":"Dzielnica VIII"},"geometry":{"type":"Polygon","coordinates":[[[19.90278,50.02796],[19.90307,50.02865],[19.90491,50.03014],[19.90344,50.03171],[19.90586,50.03362],[19.9088,50.03276],[19.90858,50.0322],[19.91084,50.0289],[19.91224,50.02947],[19.91282,50.02893],[19.91374,50.02898],[19.91563,50.02711],[19.91492,50.02693],[19.91439,50.02702],[19.91412,50.02604],[19.91383,50.02607],[19.91374,50.02573],[19.91263,50.02597],[19.91229,50.02622],[19.91247,50.02719],[19.9127,50.0274],[19.91214,50.02769],[19.91169,50.02738],[19.91174,50.02674],[19.91145,50.02623],[19.91059,50.02602],[19.9104,50.02672],[19.90901,50.02671],[19.9088,50.02759],[19.90851,50.02796],[19.90668,50.02717],[19.90534,50.02775],[19.90278,50.02796]]]}},{"type":"Feature","properties":{"nr":"178","dzielnica":"Dzielnica VIII"},"geometry":{"type":"Polygon","coordinates":[[[19.91019,50.0241],[19.91009,50.02509],[19.90943,50.02538],[19.90941,50.02593],[19.91033,50.02593],[19.91145,50.02623],[19.91174,50.02674],[19.91169,50.02738],[19.91214,50.02769],[19.9127,50.0274],[19.91247,50.02719],[19.91229,50.02622],[19.91338,50.02577],[19.91309,50.02557],[19.91302,50.02469],[19.91246,50.02481],[19.91143,50.02403],[19.9113,50.02358],[19.91066,50.02293],[19.9114,50.02244],[19.9111,50.02205],[19.90999,50.02212],[19.90976,50.02151],[19.90851,50.0214],[19.9086,50.0215],[19.90814,50.02182],[19.90955,50.02317],[19.90953,50.02343],[19.91019,50.0241]]]}},{"type":"Feature","properties":{"nr":"179","dzielnica":"Dzielnica VIII"},"geometry":{"type":"Polygon","coordinates":[[[19.91683,50.02779],[19.91806,50.02725],[19.91805,50.02692],[19.91936,50.02677],[19.92012,50.02691],[19.9205,50.02646],[19.92217,50.02612],[19.92243,50.0249],[19.9221,50.02325],[19.92062,50.02306],[19.91956,50.02222],[19.91513,50.02098],[19.91337,50.02228],[19.9122,50.02198],[19.91204,50.02217],[19.91114,50.02188],[19.90992,50.0218],[19.90999,50.02212],[19.9111,50.02205],[19.9114,50.02244],[19.91066,50.02293],[19.91073,50.02306],[19.9113,50.02358],[19.91174,50.02437],[19.91246,50.02481],[19.91302,50.02469],[19.91309,50.02557],[19.91338,50.02577],[19.91374,50.02573],[19.91383,50.02607],[19.91412,50.02604],[19.91439,50.02702],[19.91492,50.02693],[19.91563,50.02711],[19.9149,50.02786],[19.916,50.02835],[19.91683,50.02779]]]}},{"type":"Feature","properties":{"nr":"180","dzielnica":"Dzielnica VIII"},"geometry":{"type":"Polygon","coordinates":[[[19.91972,50.03004],[19.92087,50.02985],[19.92095,50.02916],[19.92138,50.02854],[19.92186,50.02856],[19.92187,50.02836],[19.92097,50.02764],[19.92102,50.02702],[19.92201,50.02656],[19.92217,50.02612],[19.9205,50.02646],[19.92012,50.02691],[19.91936,50.02677],[19.91805,50.02692],[19.91806,50.02725],[19.916,50.02835],[19.9149,50.02786],[19.91474,50.02798],[19.91628,50.02861],[19.91806,50.02897],[19.91938,50.03018],[19.91972,50.03004]]]}},{"type":"Feature","properties":{"nr":"181","dzielnica":"Dzielnica VIII"},"geometry":{"type":"Polygon","coordinates":[[[19.92043,50.03262],[19.92088,50.032],[19.92059,50.03165],[19.91862,50.03195],[19.91704,50.03149],[19.91711,50.03092],[19.91877,50.03095],[19.91878,50.03053],[19.91481,50.02966],[19.91388,50.02924],[19.91374,50.02898],[19.91282,50.02893],[19.91224,50.02947],[19.91084,50.0289],[19.90858,50.0322],[19.9088,50.03276],[19.90586,50.03362],[19.90606,50.034],[19.9118,50.03238],[19.92042,50.03474],[19.92177,50.03372],[19.92129,50.03329],[19.92156,50.03313],[19.92043,50.03262]]]}},{"type":"Feature","properties":{"nr":"182","dzielnica":"Dzielnica VIII"},"geometry":{"type":"Polygon","coordinates":[[[19.91952,50.0319],[19.92196,50.03127],[19.9219,50.03046],[19.92165,50.03035],[19.92173,50.02965],[19.92091,50.02952],[19.92087,50.02985],[19.91938,50.03018],[19.91806,50.02897],[19.91628,50.02861],[19.91474,50.02798],[19.91374,50.02898],[19.91388,50.02924],[19.91481,50.02966],[19.91878,50.03053],[19.91877,50.03095],[19.91711,50.03092],[19.91704,50.03149],[19.91815,50.0319],[19.91952,50.0319]]]}},{"type":"Feature","properties":{"nr":"183","dzielnica":"Dzielnica VIII"},"geometry":{"type":"Polygon","coordinates":[[[19.92156,50.03313],[19.92129,50.03329],[19.92177,50.03372],[19.92042,50.03474],[19.92308,50.03546],[19.92427,50.0346],[19.92567,50.03507],[19.92566,50.03618],[19.92752,50.03685],[19.93045,50.0369],[19.92858,50.03584],[19.92817,50.03509],[19.92871,50.03452],[19.92863,50.03418],[19.92723,50.03334],[19.92847,50.03184],[19.92719,50.02959],[19.92613,50.02885],[19.92631,50.02845],[19.9268,50.02817],[19.92682,50.02782],[19.9265,50.02741],[19.92687,50.02678],[19.92583,50.0258],[19.92578,50.02521],[19.92536,50.02536],[19.92533,50.02581],[19.92164,50.02665],[19.92102,50.02702],[19.92097,50.02764],[19.92187,50.02836],[19.92186,50.02856],[19.92138,50.02854],[19.92095,50.02916],[19.92091,50.02952],[19.92173,50.02965],[19.92165,50.03035],[19.9219,50.03046],[19.92196,50.03127],[19.92059,50.03165],[19.92088,50.032],[19.92043,50.03262],[19.92156,50.03313]]]}},{"type":"Feature","properties":{"nr":"184","dzielnica":"Dzielnica IX"},"geometry":{"type":"Polygon","coordinates":[[[19.92889,50.02894],[19.92886,50.02809],[19.9301,50.0278],[19.92977,50.0273],[19.92917,50.02741],[19.9289,50.02689],[19.93041,50.02656],[19.93071,50.02684],[19.93154,50.02649],[19.93099,50.02588],[19.93014,50.0263],[19.92992,50.02611],[19.92993,50.02479],[19.93099,50.02485],[19.93116,50.02412],[19.92834,50.02499],[19.92787,50.02551],[19.92617,50.02536],[19.92556,50.02508],[19.92491,50.02553],[19.92262,50.02603],[19.92201,50.02656],[19.92533,50.02581],[19.92536,50.02536],[19.92578,50.02521],[19.92583,50.0258],[19.92687,50.02678],[19.9265,50.02741],[19.92682,50.02782],[19.9268,50.02817],[19.92615,50.02869],[19.92889,50.02894]]]}},{"type":"Feature","properties":{"nr":"185","dzielnica":"Dzielnica IX"},"geometry":{"type":"Polygon","coordinates":[[[19.92615,50.02869],[19.92623,50.02902],[19.92719,50.02959],[19.92759,50.03022],[19.92808,50.03029],[19.93242,50.03027],[19.93536,50.02914],[19.93533,50.02896],[19.93378,50.02819],[19.93212,50.0269],[19.93107,50.02568],[19.93099,50.02485],[19.92993,50.02479],[19.92992,50.02611],[19.93014,50.0263],[19.93099,50.02588],[19.93154,50.02649],[19.93071,50.02684],[19.93041,50.02656],[19.9289,50.02689],[19.92917,50.02741],[19.92977,50.0273],[19.9301,50.0278],[19.92886,50.02809],[19.92889,50.02894],[19.92615,50.02869]]]}},{"type":"Feature","properties":{"nr":"186","dzielnica":"Dzielnica IX"},"geometry":{"type":"Polygon","coordinates":[[[19.92556,50.02508],[19.92617,50.02536],[19.92787,50.02551],[19.92834,50.02499],[19.93116,50.02412],[19.93094,50.02541],[19.93158,50.02636],[19.93255,50.0273],[19.93378,50.02819],[19.93533,50.02896],[19.93643,50.02855],[19.9362,50.02841],[19.93211,50.02069],[19.93053,50.02154],[19.93004,50.02269],[19.928,50.02327],[19.92753,50.02395],[19.92752,50.02478],[19.92637,50.02481],[19.92556,50.02508]]]}},{"type":"Feature","properties":{"nr":"187","dzielnica":"Dzielnica IX"},"geometry":{"type":"Polygon","coordinates":[[[19.9443,50.02851],[19.9456,50.02332],[19.94551,50.02108],[19.94454,50.02091],[19.94275,50.02104],[19.94222,50.02387],[19.94184,50.02387],[19.9418,50.02414],[19.93996,50.02404],[19.93894,50.0243],[19.9371,50.02448],[19.93706,50.02432],[19.93668,50.02433],[19.93669,50.0245],[19.93422,50.02473],[19.9362,50.02841],[19.93675,50.02886],[19.94064,50.02823],[19.94105,50.02764],[19.9443,50.02851]]]}},{"type":"Feature","properties":{"nr":"188","dzielnica":"Dzielnica IX"},"geometry":{"type":"Polygon","coordinates":[[[19.93668,50.02433],[19.93755,50.02445],[19.93996,50.02404],[19.9418,50.02414],[19.94184,50.02387],[19.94222,50.02387],[19.94275,50.02104],[19.94454,50.02091],[19.94551,50.02108],[19.94509,50.01537],[19.94484,50.01488],[19.94512,50.01344],[19.94497,50.01344],[19.94506,50.01265],[19.94414,50.01181],[19.9422,50.0124],[19.94096,50.01304],[19.93929,50.01297],[19.93824,50.01254],[19.93406,50.01248],[19.93523,50.01857],[19.9344,50.01953],[19.93211,50.02069],[19.93422,50.02473],[19.93669,50.0245],[19.93668,50.02433]]]}},{"type":"Feature","properties":{"nr":"189","dzielnica":"Dzielnica IX"},"geometry":{"type":"Polygon","coordinates":[[[19.93497,50.01903],[19.93523,50.01857],[19.93406,50.01248],[19.93824,50.01254],[19.93929,50.01297],[19.94096,50.01304],[19.9422,50.0124],[19.94414,50.01181],[19.94385,50.01096],[19.94392,50.01017],[19.94515,50.00705],[19.94513,50.00674],[19.94468,50.00584],[19.94385,50.0058],[19.94416,50.00564],[19.94349,50.0056],[19.94078,50.00249],[19.94006,50.00215],[19.93973,50.00224],[19.93969,50.0025],[19.93461,50.00204],[19.93329,50.00261],[19.93299,50.00221],[19.93307,50.00173],[19.93206,50.00226],[19.93094,50.00247],[19.93255,50.00321],[19.93369,50.00399],[19.93398,50.00432],[19.93387,50.0044],[19.93505,50.00541],[19.9354,50.0059],[19.93551,50.00647],[19.93546,50.00763],[19.93525,50.00797],[19.93298,50.00777],[19.93292,50.00757],[19.93225,50.00748],[19.92937,50.00757],[19.92615,50.00733],[19.92196,50.00774],[19.91938,50.00737],[19.91839,50.00741],[19.91595,50.00812],[19.91525,50.00895],[19.91634,50.01191],[19.92173,50.01298],[19.92633,50.01597],[19.92882,50.01551],[19.9291,50.01601],[19.92962,50.0159],[19.93211,50.02069],[19.93387,50.01988],[19.93497,50.01903]]]}},{"type":"Feature","properties":{"nr":"190","dzielnica":"Dzielnica IX"},"geometry":{"type":"Polygon","coordinates":[[[19.91929,50.02214],[19.92062,50.02306],[19.9221,50.02325],[19.92243,50.0249],[19.92219,50.0263],[19.92262,50.02603],[19.92491,50.02553],[19.92593,50.0249],[19.92752,50.02478],[19.92753,50.02395],[19.928,50.02327],[19.93004,50.02269],[19.93053,50.02154],[19.93022,50.02146],[19.92898,50.01912],[19.92854,50.01905],[19.92832,50.02026],[19.92783,50.02018],[19.92789,50.02001],[19.92635,50.01978],[19.92623,50.01952],[19.92578,50.01951],[19.92584,50.01928],[19.92507,50.01908],[19.9247,50.01918],[19.92456,50.01964],[19.92205,50.01967],[19.92201,50.01951],[19.92064,50.01947],[19.9206,50.01966],[19.92032,50.01961],[19.92037,50.0193],[19.91939,50.01926],[19.91878,50.01977],[19.91801,50.02135],[19.91929,50.02175],[19.91929,50.02214]]]}},{"type":"Feature","properties":{"nr":"191","dzielnica":"Dzielnica IX"},"geometry":{"type":"Polygon","coordinates":[[[19.91913,50.01962],[19.91939,50.01926],[19.92037,50.0193],[19.92032,50.01961],[19.9206,50.01966],[19.92064,50.01947],[19.92201,50.01951],[19.92205,50.01967],[19.92456,50.01964],[19.9247,50.01918],[19.92507,50.01908],[19.92584,50.01928],[19.92578,50.01951],[19.92623,50.01952],[19.92635,50.01978],[19.92789,50.02001],[19.92783,50.02018],[19.92832,50.02026],[19.92854,50.01905],[19.92898,50.01912],[19.93022,50.02146],[19.93053,50.02154],[19.93211,50.02069],[19.92962,50.0159],[19.9291,50.01601],[19.92882,50.01551],[19.92633,50.01597],[19.92547,50.0154],[19.91971,50.0179],[19.91692,50.01778],[19.91664,50.01849],[19.91367,50.01898],[19.91366,50.01959],[19.91436,50.0206],[19.91748,50.02176],[19.91929,50.02214],[19.91929,50.02175],[19.91801,50.02135],[19.91878,50.01977],[19.91913,50.01962]]]}},{"type":"Feature","properties":{"nr":"192","dzielnica":"Dzielnica IX"},"geometry":{"type":"Polygon","coordinates":[[[19.91664,50.01849],[19.91692,50.01778],[19.91971,50.0179],[19.92547,50.0154],[19.92173,50.01298],[19.91634,50.01191],[19.91525,50.00895],[19.9155,50.0085],[19.91422,50.00943],[19.91317,50.0096],[19.90923,50.00953],[19.90813,50.00919],[19.90747,50.00876],[19.90705,50.00943],[19.90779,50.01031],[19.90749,50.01074],[19.90886,50.01297],[19.90987,50.01414],[19.91068,50.01581],[19.91168,50.01706],[19.91367,50.01898],[19.91664,50.01849]]]}},{"type":"Feature","properties":{"nr":"193","dzielnica":"Dzielnica X"},"geometry":{"type":"Polygon","coordinates":[[[19.92288,50.00296],[19.92013,50.00311],[19.92021,50.00264],[19.91972,50.00268],[19.91967,50.00289],[19.91883,50.00283],[19.91877,50.00306],[19.91709,50.00293],[19.91652,50.00233],[19.91547,50.00188],[19.91299,50.00161],[19.91282,50.00014],[19.91104,50.00042],[19.91142,50.00089],[19.91252,50.00068],[19.91313,50.00239],[19.9078,50.00253],[19.90739,50.00191],[19.90711,50.00198],[19.90697,50.00163],[19.90709,50.00144],[19.90672,50.00086],[19.90494,50.00128],[19.9057,50.00254],[19.90527,50.00266],[19.90581,50.00365],[19.90636,50.00355],[19.90641,50.00439],[19.90583,50.00439],[19.90597,50.00453],[19.90595,50.00567],[19.90545,50.00673],[19.90463,50.00678],[19.90364,50.0052],[19.89757,50.00509],[19.89751,50.00575],[19.89775,50.00577],[19.89768,50.0064],[19.89551,50.00698],[19.89534,50.00755],[19.89858,50.00664],[19.90277,50.00652],[19.90499,50.00716],[19.90803,50.00913],[19.90899,50.00949],[19.91317,50.0096],[19.91422,50.00943],[19.91613,50.00805],[19.91831,50.00742],[19.91938,50.00737],[19.92196,50.00774],[19.92541,50.00738],[19.92513,50.00726],[19.92288,50.00296]]]}},{"type":"Feature","properties":{"nr":"194","dzielnica":"Dzielnica X"},"geometry":{"type":"Polygon","coordinates":[[[19.92063,50.00315],[19.92067,50.00296],[19.92288,50.00296],[19.91908,49.9957],[19.9185,49.99594],[19.91573,49.9963],[19.91463,49.99626],[19.91445,49.99446],[19.91486,49.99429],[19.91478,49.99379],[19.91437,49.9937],[19.90573,49.99422],[19.90638,49.99708],[19.90507,49.99856],[19.90555,49.99915],[19.90596,49.99908],[19.90696,49.99999],[19.90748,49.9999],[19.90757,50.00012],[19.90681,50.0003],[19.90662,50.00009],[19.90544,50.00043],[19.90443,49.99929],[19.90257,49.99984],[19.90061,50.00143],[19.90131,50.00215],[19.90672,50.00086],[19.90709,50.00144],[19.90697,50.00163],[19.90711,50.00198],[19.90739,50.00191],[19.9078,50.00253],[19.91313,50.00239],[19.91252,50.00068],[19.91142,50.00089],[19.91104,50.00042],[19.91282,50.00014],[19.91299,50.00161],[19.91547,50.00188],[19.91652,50.00233],[19.91709,50.00293],[19.91877,50.00306],[19.91883,50.00283],[19.91967,50.00289],[19.91972,50.00268],[19.92021,50.00264],[19.92013,50.00311],[19.92063,50.00315]]]}},{"type":"Feature","properties":{"nr":"195","dzielnica":"Dzielnica X"},"geometry":{"type":"Polygon","coordinates":[[[19.9064,50.00414],[19.90636,50.00355],[19.90581,50.00365],[19.90527,50.00266],[19.9057,50.00254],[19.90494,50.00128],[19.90131,50.00215],[19.90463,50.00678],[19.90545,50.00673],[19.90595,50.00567],[19.90597,50.00453],[19.90583,50.00439],[19.90641,50.00439],[19.9064,50.00414]]]}},{"type":"Feature","properties":{"nr":"196","dzielnica":"Dzielnica X"},"geometry":{"type":"Polygon","coordinates":[[[19.89858,49.9995],[19.89722,49.99963],[19.89726,49.99906],[19.89643,49.99893],[19.89633,49.99917],[19.89534,49.99903],[19.89538,49.99868],[19.89465,49.99857],[19.89457,49.99829],[19.89398,49.99827],[19.89397,49.99975],[19.89117,50.00148],[19.88882,50.00267],[19.88982,50.00564],[19.89003,50.00681],[19.8913,50.00695],[19.89202,50.00769],[19.89534,50.00755],[19.89551,50.00698],[19.89768,50.0064],[19.89775,50.00577],[19.89751,50.00575],[19.89757,50.00509],[19.90364,50.0052],[19.90131,50.00215],[19.89858,49.9995]]]}},{"type":"Feature","properties":{"nr":"197","dzielnica":"Dzielnica X"},"geometry":{"type":"Polygon","coordinates":[[[19.90107,50.00119],[19.90257,49.99984],[19.90443,49.99929],[19.90544,50.00043],[19.90662,50.00009],[19.90681,50.0003],[19.90757,50.00012],[19.90748,49.9999],[19.90696,49.99999],[19.90596,49.99908],[19.90555,49.99915],[19.90507,49.99856],[19.90638,49.99708],[19.90573,49.99422],[19.89485,49.99487],[19.89554,49.99593],[19.89556,49.99634],[19.89582,49.9961],[19.89493,49.99831],[19.89457,49.99829],[19.89465,49.99857],[19.89538,49.99868],[19.89534,49.99903],[19.89633,49.99917],[19.89643,49.99893],[19.89726,49.99906],[19.89722,49.99963],[19.89858,49.9995],[19.90061,50.00143],[19.90107,50.00119]]]}},{"type":"Feature","properties":{"nr":"198","dzielnica":"Dzielnica X"},"geometry":{"type":"Polygon","coordinates":[[[19.90777,49.9941],[19.90749,49.98976],[19.90861,49.9897],[19.90865,49.98991],[19.90899,49.98988],[19.90877,49.98871],[19.91219,49.98892],[19.91221,49.98844],[19.91429,49.98841],[19.91384,49.98702],[19.91267,49.98662],[19.91254,49.98602],[19.91026,49.98588],[19.91031,49.9857],[19.90793,49.98478],[19.90796,49.98349],[19.90986,49.9835],[19.91055,49.9832],[19.91169,49.98323],[19.91172,49.98304],[19.91108,49.98298],[19.91137,49.98146],[19.90965,49.98197],[19.90856,49.98149],[19.90563,49.98128],[19.90192,49.98131],[19.90119,49.98108],[19.90016,49.98122],[19.89904,49.98104],[19.89809,49.98062],[19.89626,49.98043],[19.89589,49.98044],[19.8959,49.98062],[19.89496,49.98061],[19.89177,49.98027],[19.89176,49.98053],[19.88833,49.98064],[19.88793,49.98036],[19.88732,49.98039],[19.88747,49.98104],[19.88881,49.98271],[19.88888,49.98333],[19.88627,49.98312],[19.88624,49.98447],[19.88577,49.98472],[19.88696,49.98649],[19.8932,49.98693],[19.89278,49.98759],[19.89296,49.98849],[19.89193,49.98906],[19.89182,49.98998],[19.8916,49.98991],[19.89015,49.99042],[19.88994,49.99084],[19.89022,49.99228],[19.89254,49.99234],[19.8931,49.99327],[19.89485,49.99487],[19.90777,49.9941]]]}},{"type":"Feature","properties":{"nr":"199","dzielnica":"Dzielnica X"},"geometry":{"type":"Polygon","coordinates":[[[19.91113,49.986],[19.91254,49.98602],[19.91267,49.98662],[19.91384,49.98702],[19.91429,49.98841],[19.91221,49.98844],[19.91219,49.98892],[19.90877,49.98871],[19.90899,49.98988],[19.90865,49.98991],[19.90861,49.9897],[19.90749,49.98976],[19.90777,49.9941],[19.91478,49.99379],[19.91486,49.99429],[19.91445,49.99446],[19.91463,49.99626],[19.91573,49.9963],[19.9185,49.99594],[19.92068,49.99506],[19.91998,49.99413],[19.92064,49.99381],[19.92199,49.99428],[19.92276,49.99499],[19.92381,49.99522],[19.92477,49.9969],[19.92715,49.9959],[19.92633,49.99554],[19.92587,49.99493],[19.92487,49.99488],[19.92528,49.9944],[19.92456,49.9936],[19.92473,49.99304],[19.92274,49.99258],[19.92269,49.99197],[19.92197,49.99129],[19.92247,49.99079],[19.92209,49.99052],[19.92163,49.98952],[19.92212,49.98811],[19.91997,49.98633],[19.91999,49.98602],[19.92071,49.98545],[19.92217,49.98507],[19.92308,49.98439],[19.92382,49.98458],[19.9243,49.98421],[19.92548,49.98378],[19.92544,49.98337],[19.92421,49.98303],[19.92471,49.98284],[19.92493,49.98251],[19.92598,49.98262],[19.92622,49.9825],[19.92567,49.98201],[19.92609,49.981],[19.9257,49.98132],[19.91898,49.98],[19.91328,49.97987],[19.91261,49.98025],[19.912,49.98131],[19.91137,49.98146],[19.91108,49.98298],[19.91172,49.98304],[19.91169,49.98323],[19.91055,49.9832],[19.90986,49.9835],[19.90796,49.98349],[19.90793,49.98478],[19.91031,49.9857],[19.91026,49.98588],[19.91113,49.986]]]}},{"type":"Feature","properties":{"nr":"200","dzielnica":"Dzielnica X"},"geometry":{"type":"Polygon","coordinates":[[[19.93546,50.00763],[19.9354,50.0059],[19.93464,50.00496],[19.93387,50.0044],[19.93398,50.00432],[19.93369,50.00399],[19.93255,50.00321],[19.93094,50.00247],[19.93063,50.0018],[19.92299,49.99765],[19.92477,49.9969],[19.92381,49.99522],[19.92276,49.99499],[19.92199,49.99428],[19.92064,49.99381],[19.91998,49.99413],[19.92068,49.99506],[19.91908,49.9957],[19.92513,50.00726],[19.92937,50.00757],[19.93239,50.00749],[19.93304,50.00762],[19.93298,50.00777],[19.93505,50.00801],[19.93546,50.00763]]]}},{"type":"Feature","properties":{"nr":"201","dzielnica":"Dzielnica X"},"geometry":{"type":"Polygon","coordinates":[[[19.94271,49.99644],[19.9427,49.99624],[19.94196,49.99623],[19.94205,49.99604],[19.94271,49.99587],[19.94278,49.99419],[19.94214,49.99408],[19.94145,49.99488],[19.93989,49.99478],[19.94011,49.99375],[19.93995,49.99364],[19.94042,49.99281],[19.94076,49.99293],[19.94182,49.99249],[19.94186,49.99199],[19.9414,49.99118],[19.94165,49.99052],[19.94215,49.99046],[19.94308,49.98998],[19.94307,49.98982],[19.94168,49.98918],[19.94244,49.98863],[19.94278,49.98777],[19.94184,49.98755],[19.9416,49.98733],[19.94163,49.987],[19.94214,49.98707],[19.9423,49.98665],[19.94132,49.98505],[19.94043,49.98503],[19.94043,49.98478],[19.93996,49.98478],[19.93994,49.98417],[19.93956,49.98429],[19.93966,49.98451],[19.9385,49.98476],[19.9381,49.98424],[19.93477,49.9844],[19.93407,49.98358],[19.93308,49.9831],[19.92609,49.981],[19.92567,49.98201],[19.92622,49.9825],[19.92598,49.98262],[19.92493,49.98251],[19.92471,49.98284],[19.92421,49.98303],[19.92551,49.98342],[19.92529,49.98395],[19.9243,49.98421],[19.92382,49.98458],[19.92308,49.98439],[19.92217,49.98507],[19.92071,49.98545],[19.91999,49.98602],[19.92005,49.98649],[19.92087,49.98693],[19.92143,49.98765],[19.92212,49.98811],[19.92163,49.98952],[19.92209,49.99052],[19.92247,49.99079],[19.92197,49.99129],[19.92269,49.99197],[19.92274,49.99258],[19.92473,49.99304],[19.92456,49.9936],[19.92528,49.9944],[19.92487,49.99488],[19.92587,49.99493],[19.92633,49.99554],[19.92715,49.9959],[19.92299,49.99765],[19.93063,50.0018],[19.93094,50.00247],[19.93206,50.00226],[19.93307,50.00173],[19.93299,50.00221],[19.93329,50.00261],[19.93477,50.00206],[19.93515,50.00151],[19.93476,50.0002],[19.93489,50.00016],[19.93537,50.0007],[19.93578,50.00074],[19.93626,50.00025],[19.93724,50.0003],[19.93824,49.99983],[19.93945,49.9996],[19.93953,49.99982],[19.94157,50.00034],[19.94142,49.99833],[19.94412,49.99755],[19.94404,49.99714],[19.94374,49.99715],[19.94369,49.99682],[19.94271,49.99644]]]}},{"type":"Feature","properties":{"nr":"202","dzielnica":"Dzielnica X"},"geometry":{"type":"Polygon","coordinates":[[[19.96723,50.00158],[19.96823,50.00151],[19.96827,49.99761],[19.96539,49.99644],[19.96297,49.99639],[19.96146,49.99615],[19.96446,49.99393],[19.96445,49.99306],[19.96406,49.99222],[19.96357,49.98957],[19.96233,49.98914],[19.9626,49.98828],[19.96236,49.98827],[19.96221,49.98792],[19.96151,49.98763],[19.96103,49.98712],[19.9592,49.98678],[19.9533,49.98653],[19.95309,49.98734],[19.95054,49.9873],[19.95008,49.9868],[19.9423,49.98665],[19.94214,49.98707],[19.94163,49.987],[19.9416,49.98733],[19.94184,49.98755],[19.94278,49.98777],[19.94244,49.98863],[19.94168,49.98918],[19.94307,49.98982],[19.94308,49.98998],[19.94215,49.99046],[19.94165,49.99052],[19.9414,49.99118],[19.94186,49.99199],[19.94182,49.99249],[19.94076,49.99293],[19.94042,49.99281],[19.93995,49.99364],[19.94011,49.99375],[19.93989,49.99478],[19.94145,49.99488],[19.94214,49.99408],[19.94278,49.99419],[19.94271,49.99587],[19.94205,49.99604],[19.94196,49.99623],[19.9427,49.99624],[19.94271,49.99644],[19.94369,49.99682],[19.94374,49.99715],[19.94404,49.99714],[19.94412,49.99755],[19.94142,49.99833],[19.94157,50.00034],[19.94461,50.00018],[19.94498,50.00001],[19.94523,50.00017],[19.94502,50.00047],[19.94525,50.00047],[19.95177,49.99992],[19.96133,50.00017],[19.96239,50.0003],[19.96219,50.00086],[19.96723,50.00158]]]}},{"type":"Feature","properties":{"nr":"203","dzielnica":"Dzielnica X"},"geometry":{"type":"Polygon","coordinates":[[[19.96268,49.98669],[19.96217,49.98554],[19.96101,49.98408],[19.96088,49.98308],[19.96112,49.98239],[19.96081,49.98219],[19.96057,49.98211],[19.96021,49.9825],[19.95928,49.98229],[19.95932,49.98189],[19.95814,49.98163],[19.95513,49.98031],[19.95137,49.98049],[19.94885,49.9799],[19.94826,49.98039],[19.94605,49.98101],[19.94553,49.98142],[19.94509,49.9815],[19.9444,49.98008],[19.94289,49.98048],[19.94145,49.97971],[19.9407,49.97979],[19.94052,49.97907],[19.94014,49.97871],[19.93868,49.97896],[19.93859,49.97868],[19.93825,49.97865],[19.93758,49.97814],[19.93906,49.97672],[19.93598,49.97504],[19.93405,49.97557],[19.93447,49.97644],[19.93366,49.97646],[19.93345,49.97683],[19.93295,49.97689],[19.93294,49.97748],[19.93318,49.97771],[19.93288,49.97818],[19.93245,49.97821],[19.93259,49.97879],[19.93143,49.97843],[19.92954,49.97918],[19.92841,49.97915],[19.92825,49.97955],[19.92742,49.97982],[19.92739,49.98003],[19.92782,49.98028],[19.92734,49.98082],[19.92609,49.981],[19.93308,49.9831],[19.93407,49.98358],[19.93477,49.9844],[19.9381,49.98424],[19.9385,49.98476],[19.93966,49.98451],[19.93956,49.98429],[19.93994,49.98417],[19.93996,49.98478],[19.94043,49.98478],[19.94043,49.98503],[19.94132,49.98505],[19.9423,49.98665],[19.95008,49.9868],[19.95054,49.9873],[19.95309,49.98734],[19.9533,49.98653],[19.9592,49.98678],[19.96103,49.98712],[19.96151,49.98763],[19.96221,49.98792],[19.96236,49.98827],[19.9626,49.98828],[19.96302,49.98756],[19.96268,49.98669]]]}},{"type":"Feature","properties":{"nr":"204","dzielnica":"Dzielnica X"},"geometry":{"type":"Polygon","coordinates":[[[19.94289,49.98048],[19.9444,49.98008],[19.94509,49.9815],[19.94553,49.98142],[19.94605,49.98101],[19.94826,49.98039],[19.94885,49.9799],[19.95137,49.98049],[19.95419,49.98046],[19.95435,49.98026],[19.9548,49.98026],[19.95814,49.98163],[19.95932,49.98189],[19.95928,49.98229],[19.96021,49.9825],[19.96057,49.98211],[19.96103,49.98229],[19.96102,49.98212],[19.96217,49.98156],[19.96353,49.97874],[19.96426,49.9778],[19.96126,49.97604],[19.95911,49.97514],[19.95147,49.97416],[19.94912,49.97345],[19.94807,49.97332],[19.94799,49.97284],[19.94718,49.97272],[19.94765,49.97229],[19.9466,49.97209],[19.94598,49.97228],[19.94492,49.97221],[19.94492,49.97261],[19.94462,49.9727],[19.94444,49.97306],[19.94378,49.97284],[19.94285,49.97334],[19.94293,49.97368],[19.94327,49.97394],[19.94239,49.97403],[19.94216,49.97416],[19.9422,49.97436],[19.94061,49.97446],[19.94074,49.9748],[19.94011,49.97487],[19.94026,49.97528],[19.93957,49.97513],[19.93952,49.97471],[19.93907,49.97482],[19.93901,49.97453],[19.93853,49.97484],[19.93834,49.97455],[19.93792,49.97474],[19.93777,49.97453],[19.93598,49.97504],[19.93906,49.97672],[19.93758,49.97814],[19.93825,49.97865],[19.93859,49.97868],[19.93868,49.97896],[19.94014,49.97871],[19.94052,49.97907],[19.9407,49.97979],[19.94145,49.97971],[19.94289,49.98048]]]}},{"type":"Feature","properties":{"nr":"205","dzielnica":"Dzielnica X"},"geometry":{"type":"Polygon","coordinates":[[[19.94765,49.97229],[19.94718,49.97272],[19.94799,49.97284],[19.94807,49.97332],[19.94912,49.97345],[19.95147,49.97416],[19.95911,49.97514],[19.96126,49.97604],[19.96426,49.9778],[19.96485,49.97758],[19.9656,49.97646],[19.9665,49.97447],[19.96706,49.97375],[19.96703,49.97317],[19.96489,49.973],[19.96309,49.97232],[19.96288,49.97122],[19.96345,49.96856],[19.96257,49.96867],[19.96248,49.96842],[19.96168,49.96832],[19.9615,49.96843],[19.9616,49.96894],[19.96051,49.96891],[19.95946,49.96926],[19.9593,49.96874],[19.95888,49.96858],[19.95887,49.96825],[19.95731,49.96833],[19.95732,49.96815],[19.9576,49.96806],[19.95753,49.96788],[19.95718,49.96825],[19.95662,49.96824],[19.95617,49.96803],[19.95615,49.96771],[19.95567,49.96766],[19.95539,49.96771],[19.95572,49.96866],[19.95521,49.96868],[19.955,49.96915],[19.95412,49.96947],[19.9538,49.97007],[19.95331,49.97012],[19.95297,49.96984],[19.95211,49.9701],[19.95202,49.96956],[19.95172,49.96952],[19.95084,49.96986],[19.95077,49.97024],[19.95113,49.97038],[19.95122,49.97064],[19.95057,49.9707],[19.95069,49.97108],[19.94946,49.97136],[19.94897,49.9713],[19.94833,49.97207],[19.94765,49.97229]]]}},{"type":"Feature","properties":{"nr":"206","dzielnica":"Dzielnica X"},"geometry":{"type":"Polygon","coordinates":[[[19.97851,49.98658],[19.97806,49.98646],[19.97786,49.98615],[19.97823,49.98584],[19.97809,49.98509],[19.97662,49.98483],[19.97568,49.98142],[19.97655,49.98078],[19.97564,49.98085],[19.9744,49.98039],[19.97356,49.98036],[19.9723,49.98],[19.97209,49.98013],[19.97168,49.97982],[19.97094,49.97997],[19.96995,49.97952],[19.96896,49.97949],[19.96843,49.97903],[19.96728,49.97875],[19.96684,49.97885],[19.96653,49.97875],[19.96638,49.97834],[19.96562,49.97843],[19.96524,49.97789],[19.9643,49.97775],[19.96353,49.97874],[19.96217,49.98156],[19.96102,49.98212],[19.96111,49.98253],[19.96088,49.98308],[19.96101,49.98408],[19.96217,49.98554],[19.963,49.98726],[19.96302,49.98756],[19.96233,49.98914],[19.96357,49.98957],[19.96406,49.99222],[19.96445,49.99306],[19.96446,49.99393],[19.96146,49.99615],[19.96297,49.99639],[19.96539,49.99644],[19.96827,49.99761],[19.96823,50.00151],[19.96977,50.00141],[19.97026,50.0009],[19.97185,50.00119],[19.9721,50.00084],[19.97272,50.00106],[19.97272,50.00134],[19.97325,50.00114],[19.98198,50.00077],[19.98252,50.00054],[19.98279,50.0002],[19.98304,50.00032],[19.98725,50.00011],[19.98778,49.99712],[19.98571,49.99499],[19.98594,49.98894],[19.98278,49.98878],[19.9812,49.9878],[19.97851,49.98658]]]}},{"type":"Feature","properties":{"nr":"207","dzielnica":"Dzielnica X"},"geometry":{"type":"Polygon","coordinates":[[[19.99019,49.9886],[19.99151,49.98394],[19.9988,49.98496],[19.99912,49.98368],[19.99969,49.98292],[20.00012,49.98302],[20.00042,49.98268],[19.99871,49.98212],[19.99701,49.98048],[19.99883,49.97945],[19.99792,49.9773],[19.99988,49.97621],[20.0011,49.97591],[20.00112,49.97569],[19.99978,49.97485],[19.99731,49.97395],[19.99012,49.973],[19.98705,49.97304],[19.98379,49.97259],[19.98127,49.97263],[19.98107,49.9732],[19.98212,49.97506],[19.98223,49.9759],[19.98224,49.97712],[19.98175,49.97743],[19.98138,49.97823],[19.98186,49.97879],[19.98205,49.97963],[19.98259,49.98019],[19.98248,49.98094],[19.97787,49.98117],[19.97655,49.98078],[19.97568,49.98142],[19.97662,49.98483],[19.97809,49.98509],[19.97823,49.98584],[19.97786,49.98615],[19.97806,49.98646],[19.9812,49.9878],[19.98278,49.98878],[19.98881,49.98889],[19.99019,49.9886]]]}},{"type":"Feature","properties":{"nr":"208","dzielnica":"Dzielnica X"},"geometry":{"type":"Polygon","coordinates":[[[20.00408,50.00129],[20.00349,50.00037],[20.00347,49.99981],[20.00274,49.99924],[20.00329,49.99803],[20.00409,49.99759],[20.00402,49.99744],[20.00459,49.99703],[20.00535,49.997],[20.00762,49.99619],[20.00856,49.99551],[20.01028,49.99515],[20.011,49.99528],[20.01208,49.99479],[20.01304,49.99359],[20.0129,49.99343],[20.01346,49.99333],[20.01393,49.99132],[20.01472,49.99045],[20.01553,49.98871],[20.01862,49.98649],[20.01862,49.98588],[20.01608,49.98442],[20.01364,49.98221],[20.01135,49.98087],[20.00967,49.98016],[20.00999,49.97723],[20.00921,49.97612],[20.00825,49.97597],[20.00765,49.97542],[20.00823,49.97508],[20.00685,49.97476],[20.00292,49.97467],[20.00339,49.97515],[20.00112,49.97569],[20.0011,49.97591],[19.99988,49.97621],[19.99792,49.9773],[19.99883,49.97945],[19.99701,49.98048],[19.99871,49.98212],[20.00042,49.98268],[20.00012,49.98302],[19.99969,49.98292],[19.99912,49.98368],[19.9988,49.98496],[19.99151,49.98394],[19.99019,49.9886],[19.98881,49.98889],[19.98594,49.98894],[19.98571,49.99499],[19.98778,49.99712],[19.98725,50.00011],[19.99018,50.00031],[19.99169,50.00006],[19.99215,50.00041],[19.99371,50.00024],[19.99527,50.00054],[19.99917,50.0008],[20.00121,50.00114],[20.00126,50.00133],[20.00408,50.00129]]]}},{"type":"Feature","properties":{"nr":"209","dzielnica":"Dzielnica XI"},"geometry":{"type":"Polygon","coordinates":[[[19.99121,50.01544],[19.99106,50.01452],[19.99238,50.01325],[19.99117,50.01343],[19.99082,50.01329],[19.99096,50.01292],[19.99024,50.01234],[19.99065,50.01201],[19.99051,50.012],[19.99055,50.0115],[19.99071,50.01126],[19.99158,50.01078],[19.99152,50.01061],[19.9924,50.01038],[19.99254,50.01017],[19.9967,50.00835],[19.99822,50.00703],[20.00066,50.00539],[20.00127,50.00475],[20.00163,50.00383],[20.0032,50.0034],[20.0017,50.00267],[20.00023,50.00235],[20.00016,50.00216],[20.00066,50.00203],[20.00007,50.0014],[20.00126,50.00133],[20.00121,50.00114],[19.99371,50.00024],[19.99215,50.00041],[19.99169,50.00006],[19.99018,50.00031],[19.98692,50.0001],[19.98304,50.00032],[19.98279,50.0002],[19.98221,50.00067],[19.98261,50.0055],[19.9831,50.00735],[19.98261,50.00788],[19.98136,50.00858],[19.9802,50.01],[19.9785,50.01071],[19.97801,50.01106],[19.97758,50.01172],[19.97823,50.01207],[19.97879,50.01165],[19.9793,50.01191],[19.97847,50.01298],[19.97834,50.01403],[19.97887,50.01494],[19.98473,50.01493],[19.98662,50.01509],[19.98851,50.01488],[19.98982,50.01495],[19.99121,50.01544]]]}},{"type":"Feature","properties":{"nr":"210","dzielnica":"Dzielnica XI"},"geometry":{"type":"Polygon","coordinates":[[[19.9728,50.00979],[19.97397,50.00908],[19.97404,50.00874],[19.97447,50.00877],[19.97801,50.01106],[19.9802,50.01],[19.98136,50.00858],[19.98275,50.00777],[19.98314,50.00711],[19.98261,50.0055],[19.98222,50.00067],[19.97325,50.00114],[19.97272,50.00134],[19.97272,50.00106],[19.9721,50.00084],[19.97185,50.00119],[19.97026,50.0009],[19.96977,50.00141],[19.96909,50.00157],[19.96711,50.00158],[19.96393,50.00113],[19.96334,50.00436],[19.96559,50.00499],[19.96545,50.00578],[19.96514,50.00593],[19.96508,50.00643],[19.96579,50.00658],[19.9658,50.00708],[19.96644,50.00711],[19.9664,50.00775],[19.96578,50.00773],[19.96569,50.01197],[19.96742,50.01194],[19.96781,50.01236],[19.96752,50.0126],[19.96585,50.01259],[19.96579,50.01303],[19.96714,50.01304],[19.96918,50.01181],[19.96963,50.01133],[19.97047,50.01194],[19.97233,50.01095],[19.97178,50.01027],[19.9728,50.00979]]]}},{"type":"Feature","properties":{"nr":"211","dzielnica":"Dzielnica XI"},"geometry":{"type":"Polygon","coordinates":[[[19.96163,50.00879],[19.96193,50.01068],[19.96426,50.01064],[19.96437,50.01215],[19.96174,50.01214],[19.96143,50.01302],[19.96502,50.01374],[19.96567,50.01347],[19.96585,50.01259],[19.96752,50.0126],[19.96781,50.01236],[19.96742,50.01194],[19.96569,50.01197],[19.96578,50.00773],[19.96387,50.00767],[19.96159,50.00794],[19.96163,50.00879]]]}},{"type":"Feature","properties":{"nr":"212","dzielnica":"Dzielnica XI"},"geometry":{"type":"Polygon","coordinates":[[[19.959,50.00549],[19.95889,50.0049],[19.96274,50.0047],[19.96555,50.00519],[19.96559,50.00499],[19.96334,50.00436],[19.96393,50.00113],[19.96219,50.00086],[19.96239,50.0003],[19.95177,49.99992],[19.94502,50.00047],[19.94518,50.00002],[19.94157,50.00034],[19.93953,49.99982],[19.93945,49.9996],[19.93824,49.99983],[19.93724,50.0003],[19.93626,50.00025],[19.93578,50.00074],[19.93537,50.0007],[19.93476,50.0002],[19.93517,50.0012],[19.93477,50.00206],[19.93969,50.0025],[19.93973,50.00224],[19.94006,50.00215],[19.94078,50.00249],[19.94349,50.0056],[19.94416,50.00564],[19.94385,50.0058],[19.94699,50.00576],[19.95516,50.00515],[19.95545,50.00708],[19.95712,50.00671],[19.95714,50.00604],[19.95903,50.00585],[19.959,50.00549]]]}},{"type":"Feature","properties":{"nr":"213","dzielnica":"Dzielnica XI"},"geometry":{"type":"Polygon","coordinates":[[[19.959,50.00549],[19.96117,50.00547],[19.96254,50.00636],[19.96291,50.0073],[19.96351,50.00734],[19.96355,50.00758],[19.9664,50.00775],[19.96644,50.00711],[19.9658,50.00708],[19.96579,50.00658],[19.96508,50.00643],[19.96555,50.00519],[19.96274,50.0047],[19.96157,50.00469],[19.95889,50.0049],[19.959,50.00549]]]}},{"type":"Feature","properties":{"nr":"214","dzielnica":"Dzielnica XI"},"geometry":{"type":"Polygon","coordinates":[[[19.959,50.00549],[19.95903,50.00585],[19.95714,50.00604],[19.95718,50.00756],[19.95773,50.00756],[19.95792,50.0072],[19.95925,50.00726],[19.95936,50.00817],[19.96387,50.00767],[19.96355,50.00758],[19.96351,50.00734],[19.96291,50.0073],[19.96254,50.00636],[19.96117,50.00547],[19.959,50.00549]]]}},{"type":"Feature","properties":{"nr":"215","dzielnica":"Dzielnica XI"},"geometry":{"type":"Polygon","coordinates":[[[19.95598,50.01047],[19.95941,50.01],[19.95944,50.00965],[19.95846,50.0097],[19.95836,50.00936],[19.95747,50.00882],[19.95764,50.00839],[19.95843,50.00832],[19.95899,50.00881],[19.96161,50.00859],[19.96159,50.00794],[19.95936,50.00817],[19.95925,50.00726],[19.95792,50.0072],[19.95773,50.00756],[19.95718,50.00756],[19.95712,50.00671],[19.95545,50.00708],[19.95525,50.00729],[19.95538,50.00804],[19.95473,50.00805],[19.95504,50.0106],[19.95598,50.01047]]]}},{"type":"Feature","properties":{"nr":"216","dzielnica":"Dzielnica XI"},"geometry":{"type":"Polygon","coordinates":[[[19.95118,50.00822],[19.95538,50.00804],[19.95525,50.00729],[19.95545,50.00708],[19.95516,50.00515],[19.94468,50.00584],[19.94509,50.00664],[19.94617,50.00645],[19.9465,50.00601],[19.94831,50.00634],[19.94995,50.00626],[19.95,50.00681],[19.94942,50.00686],[19.94948,50.00743],[19.94865,50.00812],[19.94868,50.00832],[19.95118,50.00822]]]}},{"type":"Feature","properties":{"nr":"217","dzielnica":"Dzielnica XI"},"geometry":{"type":"Polygon","coordinates":[[[19.95412,50.00972],[19.95492,50.00967],[19.95473,50.00805],[19.94868,50.00832],[19.94865,50.00812],[19.94948,50.00743],[19.94942,50.00686],[19.95,50.00681],[19.94995,50.00626],[19.94831,50.00634],[19.94838,50.00912],[19.94964,50.00905],[19.9496,50.00873],[19.95032,50.00867],[19.95041,50.0094],[19.94976,50.00947],[19.94991,50.00999],[19.95412,50.00972]]]}},{"type":"Feature","properties":{"nr":"218","dzielnica":"Dzielnica XI"},"geometry":{"type":"Polygon","coordinates":[[[19.95233,50.01121],[19.95504,50.0106],[19.95492,50.00967],[19.94991,50.00999],[19.94976,50.00947],[19.95041,50.0094],[19.95032,50.00867],[19.9496,50.00873],[19.94964,50.00905],[19.94838,50.00912],[19.94831,50.00634],[19.9465,50.00601],[19.94617,50.00645],[19.94509,50.00664],[19.94515,50.00705],[19.94459,50.00829],[19.94645,50.00865],[19.9461,50.0101],[19.94863,50.00998],[19.9491,50.01147],[19.95233,50.01121]]]}},{"type":"Feature","properties":{"nr":"219","dzielnica":"Dzielnica XI"},"geometry":{"type":"Polygon","coordinates":[[[19.9472,50.01452],[19.94665,50.01321],[19.94953,50.01266],[19.94863,50.00998],[19.9461,50.0101],[19.94645,50.00865],[19.94459,50.00829],[19.94392,50.01017],[19.94385,50.01096],[19.94406,50.01171],[19.94506,50.01265],[19.94497,50.01344],[19.94512,50.01344],[19.94487,50.01487],[19.9472,50.01452]]]}},{"type":"Feature","properties":{"nr":"220","dzielnica":"Dzielnica XI"},"geometry":{"type":"Polygon","coordinates":[[[19.94834,50.01483],[19.94813,50.01432],[19.95561,50.0127],[19.95806,50.01256],[19.958,50.01164],[19.95748,50.01167],[19.95743,50.01086],[19.95597,50.01109],[19.95598,50.01047],[19.9531,50.01091],[19.9532,50.0111],[19.9491,50.01147],[19.94953,50.01266],[19.94665,50.01321],[19.9472,50.01452],[19.94739,50.01448],[19.94762,50.01497],[19.94834,50.01483]]]}},{"type":"Feature","properties":{"nr":"221","dzielnica":"Dzielnica XI"},"geometry":{"type":"Polygon","coordinates":[[[19.96174,50.01214],[19.96437,50.01215],[19.96426,50.01064],[19.96193,50.01068],[19.96161,50.00859],[19.95899,50.00881],[19.95843,50.00832],[19.95764,50.00839],[19.95747,50.00882],[19.95836,50.00936],[19.95846,50.0097],[19.95944,50.00965],[19.95941,50.01],[19.95598,50.01047],[19.95591,50.01064],[19.95597,50.01109],[19.95743,50.01086],[19.95748,50.01167],[19.958,50.01164],[19.95806,50.01256],[19.95974,50.01266],[19.95974,50.01337],[19.96292,50.01371],[19.96293,50.0139],[19.96325,50.01392],[19.9635,50.01432],[19.96418,50.01432],[19.96502,50.01374],[19.96143,50.01302],[19.96174,50.01214]]]}},{"type":"Feature","properties":{"nr":"222","dzielnica":"Dzielnica XI"},"geometry":{"type":"Polygon","coordinates":[[[19.9542,50.0156],[19.95658,50.01498],[19.95658,50.01452],[19.95718,50.0145],[19.95712,50.01426],[19.95811,50.01414],[19.95822,50.01458],[19.95883,50.01452],[19.95876,50.01405],[19.96113,50.01374],[19.96121,50.01353],[19.95974,50.01337],[19.95974,50.01266],[19.95724,50.01252],[19.95561,50.0127],[19.95012,50.0139],[19.95082,50.01392],[19.95096,50.0143],[19.95155,50.01429],[19.95169,50.01459],[19.95064,50.01443],[19.95118,50.01539],[19.95303,50.01504],[19.95329,50.01552],[19.9542,50.0156]]]}},{"type":"Feature","properties":{"nr":"223","dzielnica":"Dzielnica XI"},"geometry":{"type":"Polygon","coordinates":[[[19.95481,50.01789],[19.95537,50.01831],[19.95769,50.01772],[19.959,50.0178],[19.95918,50.01763],[19.95793,50.01681],[19.9571,50.01661],[19.95713,50.01624],[19.95763,50.01625],[19.95762,50.01563],[19.95739,50.01562],[19.95747,50.01465],[19.95822,50.01458],[19.95811,50.01414],[19.95712,50.01426],[19.95718,50.0145],[19.95658,50.01452],[19.95658,50.01498],[19.95372,50.01566],[19.95329,50.01552],[19.95303,50.01504],[19.95118,50.01539],[19.9504,50.01407],[19.95009,50.01405],[19.95017,50.01464],[19.94853,50.01484],[19.94812,50.01584],[19.94824,50.01614],[19.95035,50.01583],[19.95056,50.01661],[19.94998,50.01663],[19.94991,50.01736],[19.95052,50.01881],[19.95094,50.01905],[19.95185,50.01892],[19.95222,50.01945],[19.95481,50.01789]]]}},{"type":"Feature","properties":{"nr":"224","dzielnica":"Dzielnica XI"},"geometry":{"type":"Polygon","coordinates":[[[19.94723,50.01945],[19.94813,50.01956],[19.94912,50.01927],[19.9501,50.01955],[19.95197,50.01912],[19.95185,50.01892],[19.95094,50.01905],[19.95052,50.01881],[19.94991,50.01736],[19.94998,50.01663],[19.95056,50.01661],[19.95035,50.01583],[19.94824,50.01614],[19.94812,50.01584],[19.94853,50.01484],[19.95017,50.01464],[19.95009,50.01405],[19.9504,50.01407],[19.95064,50.01443],[19.95111,50.01438],[19.95129,50.01464],[19.95169,50.01459],[19.95155,50.01429],[19.95096,50.0143],[19.95082,50.01392],[19.95012,50.0139],[19.94813,50.01432],[19.94834,50.01483],[19.94762,50.01497],[19.94739,50.01448],[19.94484,50.01488],[19.94509,50.01537],[19.94545,50.02025],[19.94631,50.0202],[19.94632,50.01986],[19.94678,50.0198],[19.94678,50.01949],[19.94723,50.01945]]]}},{"type":"Feature","properties":{"nr":"225","dzielnica":"Dzielnica XI"},"geometry":{"type":"Polygon","coordinates":[[[19.94844,50.03141],[19.95153,50.03],[19.95808,50.02853],[19.95803,50.02839],[19.95892,50.02782],[19.9594,50.02716],[19.96045,50.02479],[19.96012,50.01986],[19.95979,50.01995],[19.9597,50.02051],[19.95969,50.02087],[19.96007,50.02087],[19.96007,50.02107],[19.95746,50.02113],[19.95728,50.02147],[19.95595,50.02152],[19.95579,50.02302],[19.9456,50.02332],[19.9443,50.02851],[19.94541,50.02908],[19.94622,50.02996],[19.94691,50.03189],[19.94695,50.03266],[19.94758,50.03236],[19.94844,50.03141]]]}},{"type":"Feature","properties":{"nr":"226","dzielnica":"Dzielnica XI"},"geometry":{"type":"Polygon","coordinates":[[[19.94706,50.01946],[19.94678,50.01949],[19.94678,50.0198],[19.94632,50.01986],[19.94631,50.0202],[19.94545,50.02025],[19.9456,50.02332],[19.95579,50.02302],[19.95595,50.02152],[19.95728,50.02147],[19.95746,50.02113],[19.96007,50.02107],[19.96007,50.02087],[19.95969,50.02087],[19.9597,50.02051],[19.95945,50.02027],[19.95904,50.02015],[19.95435,50.01989],[19.95415,50.01948],[19.95426,50.01916],[19.95537,50.01831],[19.95481,50.01789],[19.95222,50.01945],[19.95197,50.01912],[19.9501,50.01955],[19.94912,50.01927],[19.94813,50.01956],[19.94706,50.01946]]]}},{"type":"Feature","properties":{"nr":"227","dzielnica":"Dzielnica XI"},"geometry":{"type":"Polygon","coordinates":[[[19.96382,50.01625],[19.96416,50.01612],[19.96459,50.01477],[19.96532,50.01427],[19.96558,50.01385],[19.96714,50.01304],[19.96579,50.01303],[19.96567,50.01347],[19.96418,50.01432],[19.9635,50.01432],[19.96325,50.01392],[19.96293,50.0139],[19.96292,50.01371],[19.96121,50.01353],[19.96113,50.01374],[19.95876,50.01405],[19.95883,50.01452],[19.95747,50.01465],[19.95739,50.01562],[19.95762,50.01563],[19.95763,50.01625],[19.95713,50.01624],[19.9571,50.01661],[19.95793,50.01681],[19.95918,50.01763],[19.959,50.0178],[19.95769,50.01772],[19.95537,50.01831],[19.95426,50.01916],[19.95415,50.01948],[19.95449,50.01992],[19.95725,50.01994],[19.95904,50.02015],[19.9597,50.02051],[19.95979,50.01995],[19.96012,50.01986],[19.96073,50.01891],[19.96096,50.01891],[19.96208,50.01808],[19.96348,50.01784],[19.96348,50.01704],[19.96382,50.01625]]]}},{"type":"Feature","properties":{"nr":"228","dzielnica":"Dzielnica XI"},"geometry":{"type":"Polygon","coordinates":[[[19.96228,50.02722],[19.96246,50.02683],[19.96436,50.027],[19.96732,50.0268],[19.96738,50.02653],[19.96933,50.02645],[19.96968,50.02574],[19.96985,50.02444],[19.97019,50.02448],[19.97031,50.0242],[19.96987,50.024],[19.97028,50.02348],[19.96999,50.02338],[19.97052,50.02243],[19.97013,50.02257],[19.96846,50.02248],[19.96685,50.02148],[19.9663,50.02052],[19.96515,50.02058],[19.96344,50.02001],[19.96291,50.02074],[19.96207,50.02031],[19.96234,50.02012],[19.96234,50.01982],[19.96191,50.01975],[19.96129,50.02015],[19.96064,50.01985],[19.96016,50.01994],[19.96045,50.02479],[19.9594,50.02716],[19.95892,50.02782],[19.95923,50.0279],[19.9591,50.0283],[19.9595,50.02838],[19.96126,50.02804],[19.9611,50.02763],[19.96213,50.02747],[19.96228,50.02722]]]}},{"type":"Feature","properties":{"nr":"229","dzielnica":"Dzielnica XI"},"geometry":{"type":"Polygon","coordinates":[[[19.96436,50.027],[19.96246,50.02683],[19.96213,50.02747],[19.9611,50.02763],[19.96126,50.02804],[19.96608,50.02698],[19.97014,50.02676],[19.97343,50.02623],[19.97378,50.02597],[19.97415,50.02608],[19.9763,50.02553],[19.97889,50.02396],[19.97747,50.02287],[19.97711,50.02239],[19.97704,50.0213],[19.97725,50.01957],[19.97706,50.01747],[19.97683,50.01724],[19.97606,50.01761],[19.97634,50.01829],[19.97606,50.0189],[19.9748,50.01902],[19.97432,50.021],[19.97306,50.02111],[19.97052,50.02243],[19.96999,50.02338],[19.97028,50.02348],[19.96987,50.024],[19.97031,50.0242],[19.97019,50.02448],[19.96985,50.02444],[19.96968,50.02574],[19.96933,50.02645],[19.96738,50.02653],[19.96732,50.0268],[19.96436,50.027]]]}},{"type":"Feature","properties":{"nr":"230","dzielnica":"Dzielnica XI"},"geometry":{"type":"Polygon","coordinates":[[[19.9705,50.01679],[19.9701,50.01962],[19.96962,50.0196],[19.96961,50.02145],[19.97052,50.02243],[19.97306,50.02111],[19.97275,50.01998],[19.97055,50.01967],[19.97102,50.01837],[19.97261,50.01845],[19.97282,50.01752],[19.97227,50.01749],[19.97231,50.01686],[19.97155,50.01684],[19.97152,50.0171],[19.97106,50.01709],[19.97107,50.01681],[19.9705,50.01679]]]}},{"type":"Feature","properties":{"nr":"231","dzielnica":"Dzielnica XI"},"geometry":{"type":"Polygon","coordinates":[[[19.96395,50.01869],[19.96344,50.02001],[19.96515,50.02058],[19.9663,50.02052],[19.96685,50.02148],[19.96846,50.02248],[19.97013,50.02257],[19.97052,50.02243],[19.96961,50.02145],[19.96962,50.0196],[19.9701,50.01962],[19.97037,50.01817],[19.9706,50.0161],[19.97027,50.01607],[19.97029,50.01592],[19.96903,50.01597],[19.96846,50.01652],[19.96865,50.01682],[19.96602,50.01736],[19.96582,50.01876],[19.96395,50.01869]]]}},{"type":"Feature","properties":{"nr":"232","dzielnica":"Dzielnica XI"},"geometry":{"type":"Polygon","coordinates":[[[19.96344,50.02001],[19.96395,50.01869],[19.96582,50.01876],[19.96602,50.01736],[19.96865,50.01682],[19.96846,50.01652],[19.96903,50.01597],[19.97065,50.01591],[19.97094,50.01532],[19.96558,50.01385],[19.96532,50.01427],[19.96459,50.01477],[19.96416,50.01612],[19.96389,50.0161],[19.96348,50.01704],[19.96348,50.01784],[19.96208,50.01808],[19.96096,50.01891],[19.96073,50.01891],[19.96008,50.01978],[19.96016,50.01994],[19.96064,50.01985],[19.96129,50.02015],[19.96191,50.01975],[19.96234,50.01982],[19.96234,50.02012],[19.96207,50.02031],[19.96291,50.02074],[19.96344,50.02001]]]}},{"type":"Feature","properties":{"nr":"233","dzielnica":"Dzielnica XI"},"geometry":{"type":"Polygon","coordinates":[[[19.97432,50.021],[19.9748,50.01902],[19.97606,50.0189],[19.97634,50.01829],[19.97606,50.01761],[19.97683,50.01724],[19.97585,50.01666],[19.97275,50.01597],[19.97094,50.01532],[19.97065,50.01591],[19.97029,50.01592],[19.97027,50.01607],[19.9706,50.0161],[19.9705,50.01679],[19.97107,50.01681],[19.97106,50.01709],[19.97152,50.0171],[19.97155,50.01684],[19.97231,50.01686],[19.97227,50.01749],[19.97282,50.01752],[19.97261,50.01845],[19.97102,50.01837],[19.97055,50.01967],[19.97275,50.01998],[19.97306,50.02111],[19.97432,50.021]]]}},{"type":"Feature","properties":{"nr":"234","dzielnica":"Dzielnica XI"},"geometry":{"type":"Polygon","coordinates":[[[19.96558,50.01385],[19.97275,50.01597],[19.97268,50.01559],[19.97292,50.01554],[19.97265,50.01423],[19.97202,50.0142],[19.97195,50.01334],[19.97136,50.01298],[19.97166,50.01275],[19.97161,50.01257],[19.97079,50.01173],[19.97047,50.01194],[19.96963,50.01133],[19.96918,50.01181],[19.96558,50.01385]]]}},{"type":"Feature","properties":{"nr":"235","dzielnica":"Dzielnica XI"},"geometry":{"type":"Polygon","coordinates":[[[19.9735,50.01447],[19.97334,50.01165],[19.97469,50.01156],[19.97486,50.01137],[19.97319,50.01067],[19.97079,50.01173],[19.97169,50.01268],[19.97136,50.01298],[19.97195,50.01334],[19.97202,50.0142],[19.97265,50.01423],[19.97278,50.01463],[19.9735,50.01447]]]}},{"type":"Feature","properties":{"nr":"236","dzielnica":"Dzielnica XI"},"geometry":{"type":"Polygon","coordinates":[[[19.97879,50.01165],[19.97823,50.01207],[19.97758,50.01172],[19.97801,50.01106],[19.97447,50.00877],[19.97404,50.00874],[19.97397,50.00908],[19.97178,50.01027],[19.97233,50.01095],[19.97319,50.01067],[19.97486,50.01137],[19.97469,50.01156],[19.97334,50.01165],[19.9735,50.01447],[19.97278,50.01463],[19.97292,50.01554],[19.97431,50.01528],[19.97887,50.01494],[19.97834,50.01403],[19.97847,50.01298],[19.9793,50.01191],[19.97879,50.01165]]]}},{"type":"Feature","properties":{"nr":"237","dzielnica":"Dzielnica XII"},"geometry":{"type":"Polygon","coordinates":[[[19.97914,50.02379],[19.97994,50.02338],[19.97803,50.02223],[19.97769,50.02181],[19.97801,50.02118],[19.97866,50.02112],[19.97835,50.02052],[19.97913,50.02042],[19.97908,50.0199],[19.97935,50.01955],[19.97902,50.01898],[19.97924,50.0186],[19.97891,50.01753],[19.97841,50.01751],[19.97682,50.01649],[19.97742,50.01611],[19.97625,50.01612],[19.97519,50.01651],[19.97621,50.0168],[19.97706,50.01747],[19.97725,50.01957],[19.97704,50.0213],[19.97711,50.02239],[19.97747,50.02287],[19.97889,50.02396],[19.97914,50.02379]]]}},{"type":"Feature","properties":{"nr":"238","dzielnica":"Dzielnica XII"},"geometry":{"type":"Polygon","coordinates":[[[19.97519,50.01651],[19.97625,50.01612],[19.97742,50.01611],[19.97682,50.01649],[19.97841,50.01751],[19.97891,50.01753],[19.97924,50.0186],[19.97902,50.01898],[19.97935,50.01955],[19.97908,50.0199],[19.97913,50.02042],[19.97835,50.02052],[19.97866,50.02112],[19.9814,50.01927],[19.98003,50.01835],[19.98037,50.01791],[19.97897,50.01723],[19.97878,50.01682],[19.97849,50.01668],[19.9784,50.01573],[19.97887,50.01494],[19.97431,50.01528],[19.97268,50.01559],[19.97275,50.01597],[19.97519,50.01651]]]}},{"type":"Feature","properties":{"nr":"239","dzielnica":"Dzielnica XII"},"geometry":{"type":"Polygon","coordinates":[[[19.98267,50.01853],[19.98254,50.01819],[19.98303,50.01789],[19.9826,50.01743],[19.9832,50.01619],[19.98257,50.01556],[19.98233,50.015],[19.97887,50.01494],[19.9784,50.01573],[19.97849,50.01668],[19.97878,50.01682],[19.97897,50.01723],[19.98037,50.01791],[19.9801,50.01843],[19.9814,50.01927],[19.98267,50.01853]]]}},{"type":"Feature","properties":{"nr":"240","dzielnica":"Dzielnica XII"},"geometry":{"type":"Polygon","coordinates":[[[19.99087,50.01746],[19.99272,50.01636],[19.99121,50.01544],[19.98982,50.01495],[19.98851,50.01488],[19.98662,50.01509],[19.98233,50.015],[19.98257,50.01556],[19.9832,50.01619],[19.98374,50.01642],[19.98563,50.01653],[19.98632,50.01732],[19.98706,50.01686],[19.9871,50.01601],[19.98838,50.01617],[19.9895,50.01683],[19.98996,50.01682],[19.99087,50.01746]]]}},{"type":"Feature","properties":{"nr":"241","dzielnica":"Dzielnica XII"},"geometry":{"type":"Polygon","coordinates":[[[19.98294,50.01845],[19.98385,50.01833],[19.98389,50.01723],[19.98494,50.01729],[19.98492,50.01758],[19.98605,50.01771],[19.98632,50.01732],[19.98563,50.01653],[19.98374,50.01642],[19.9832,50.01619],[19.9826,50.01743],[19.98303,50.01789],[19.98254,50.01819],[19.98267,50.01853],[19.98294,50.01845]]]}},{"type":"Feature","properties":{"nr":"242","dzielnica":"Dzielnica XII"},"geometry":{"type":"Polygon","coordinates":[[[19.98703,50.01972],[19.99087,50.01746],[19.98996,50.01682],[19.9895,50.01683],[19.98838,50.01617],[19.9871,50.01601],[19.98706,50.01686],[19.98632,50.01732],[19.98605,50.01771],[19.98492,50.01758],[19.98494,50.01729],[19.98389,50.01723],[19.98385,50.01833],[19.98333,50.01882],[19.98563,50.02054],[19.98703,50.01972]]]}},{"type":"Feature","properties":{"nr":"243","dzielnica":"Dzielnica XII"},"geometry":{"type":"Polygon","coordinates":[[[19.97914,50.02379],[19.97651,50.02541],[19.97742,50.02599],[19.9796,50.0241],[19.98563,50.02054],[19.98333,50.01882],[19.98385,50.01833],[19.98251,50.01858],[19.97896,50.02099],[19.97801,50.02118],[19.9777,50.02154],[19.97769,50.02181],[19.97803,50.02223],[19.97994,50.02338],[19.97914,50.02379]]]}},{"type":"Feature","properties":{"nr":"244","dzielnica":"Dzielnica XII"},"geometry":{"type":"Polygon","coordinates":[[[19.98803,50.02462],[19.98802,50.02396],[19.99028,50.02339],[19.99012,50.02295],[19.99047,50.02288],[19.99069,50.02327],[19.99182,50.02305],[19.992,50.02285],[19.99189,50.02258],[19.99293,50.02235],[19.99327,50.02269],[19.99448,50.02243],[19.99427,50.02204],[19.99375,50.02176],[19.99282,50.02035],[19.99416,50.02],[19.99346,50.0189],[19.99289,50.01861],[19.99159,50.01897],[19.99102,50.01842],[19.99204,50.01781],[19.9916,50.01701],[19.98112,50.02318],[19.98232,50.02376],[19.98268,50.02348],[19.98371,50.02399],[19.98347,50.02419],[19.9845,50.02468],[19.98524,50.02437],[19.98726,50.02458],[19.98745,50.02505],[19.98828,50.0252],[19.98832,50.0248],[19.98803,50.02462]]]}},{"type":"Feature","properties":{"nr":"245","dzielnica":"Dzielnica XII"},"geometry":{"type":"Polygon","coordinates":[[[19.99293,50.02235],[19.99189,50.02258],[19.992,50.02285],[19.99182,50.02305],[19.99069,50.02327],[19.99047,50.02288],[19.99012,50.02295],[19.99028,50.02339],[19.98802,50.02396],[19.98803,50.02462],[19.98832,50.0248],[19.98828,50.0252],[19.98745,50.02505],[19.98726,50.02458],[19.98524,50.02437],[19.9845,50.02468],[19.98347,50.02419],[19.98371,50.02399],[19.98268,50.02348],[19.98232,50.02376],[19.98112,50.02318],[19.9796,50.0241],[19.97666,50.02672],[19.97738,50.02696],[19.97847,50.02588],[19.98111,50.02659],[19.98193,50.02708],[19.98294,50.02673],[19.98326,50.0264],[19.98371,50.02654],[19.98418,50.02596],[19.98448,50.02606],[19.9849,50.02576],[19.98553,50.02596],[19.98511,50.02636],[19.9868,50.02696],[19.98882,50.02829],[19.99329,50.02746],[19.99215,50.02538],[19.99225,50.02518],[19.99167,50.02528],[19.99155,50.025],[19.99479,50.02406],[19.99465,50.02365],[19.99518,50.02354],[19.99491,50.02278],[19.9953,50.02271],[19.99517,50.02233],[19.99327,50.02269],[19.99293,50.02235]]]}},{"type":"Feature","properties":{"nr":"246","dzielnica":"Dzielnica XII"},"geometry":{"type":"Polygon","coordinates":[[[19.99329,50.02746],[20.01445,50.02404],[20.01426,50.02346],[20.01312,50.02362],[20.01278,50.02241],[20.01138,50.02236],[20.01145,50.02168],[20.01237,50.02169],[20.01239,50.02134],[20.01142,50.02128],[20.01155,50.02073],[20.00979,50.02129],[20.00944,50.02124],[20.00952,50.02079],[20.00906,50.02077],[20.00807,50.02098],[20.00821,50.02124],[20.00626,50.02168],[20.00603,50.02105],[20.00059,50.02233],[20.00063,50.02256],[20.00027,50.02263],[20.00032,50.02285],[19.99966,50.02297],[19.99967,50.02311],[19.99835,50.02309],[19.99516,50.0242],[19.99493,50.0236],[19.99465,50.02365],[19.99479,50.02406],[19.9917,50.0249],[19.99155,50.025],[19.99167,50.02528],[19.99225,50.02518],[19.99215,50.02538],[19.99329,50.02746]]]}},{"type":"Feature","properties":{"nr":"247","dzielnica":"Dzielnica XII"},"geometry":{"type":"Polygon","coordinates":[[[19.99835,50.02309],[19.99967,50.02311],[19.99966,50.02297],[20.00032,50.02285],[20.00027,50.02263],[20.00063,50.02256],[20.00059,50.02233],[20.0014,50.02217],[20.00061,50.01943],[19.99952,50.01946],[19.99891,50.0179],[19.9977,50.01844],[19.99646,50.0187],[19.99524,50.01815],[19.99303,50.01621],[19.9916,50.01701],[19.99204,50.01781],[19.99102,50.01842],[19.99159,50.01897],[19.99289,50.01861],[19.99346,50.0189],[19.9939,50.01952],[19.99416,50.02],[19.99282,50.02035],[19.99375,50.02176],[19.99427,50.02204],[19.99448,50.02243],[19.99517,50.02233],[19.9953,50.02271],[19.99491,50.02278],[19.99518,50.02354],[19.99493,50.0236],[19.99516,50.0242],[19.99835,50.02309]]]}},{"type":"Feature","properties":{"nr":"248","dzielnica":"Dzielnica XII"},"geometry":{"type":"Polygon","coordinates":[[[20.00603,50.02105],[20.00626,50.02168],[20.00821,50.02124],[20.00758,50.02015],[20.00763,50.01958],[20.00937,50.01826],[20.00862,50.01735],[20.00528,50.01814],[20.00504,50.01786],[20.0013,50.0185],[20.00061,50.01943],[20.0014,50.02217],[20.00603,50.02105]]]}},{"type":"Feature","properties":{"nr":"249","dzielnica":"Dzielnica XII"},"geometry":{"type":"Polygon","coordinates":[[[20.00973,50.01803],[20.01223,50.0169],[20.01266,50.01651],[20.01279,50.01611],[20.01227,50.01514],[20.01241,50.014],[20.01077,50.01438],[20.01033,50.0137],[20.00987,50.01398],[20.01034,50.01491],[20.00982,50.01506],[20.01004,50.01551],[20.00925,50.01568],[20.00946,50.01608],[20.00562,50.01671],[20.00469,50.01665],[20.00466,50.01721],[20.00528,50.01814],[20.00862,50.01735],[20.00937,50.01826],[20.00973,50.01803]]]}},{"type":"Feature","properties":{"nr":"250","dzielnica":"Dzielnica XII"},"geometry":{"type":"Polygon","coordinates":[[[20.00504,50.01786],[20.00466,50.01721],[20.00469,50.01665],[20.00272,50.01579],[20.00417,50.01541],[20.00334,50.01443],[20.00173,50.0148],[20.00133,50.01464],[20.00089,50.01477],[19.99942,50.01395],[19.99875,50.0142],[19.99961,50.01538],[20.0005,50.01617],[20.00202,50.01703],[20.00127,50.01759],[20.00027,50.01777],[20.00077,50.01796],[20.0013,50.0185],[20.00504,50.01786]]]}},{"type":"Feature","properties":{"nr":"251","dzielnica":"Dzielnica XII"},"geometry":{"type":"Polygon","coordinates":[[[20.00021,50.01591],[19.99826,50.01634],[19.99856,50.01691],[19.99889,50.01682],[19.99904,50.01714],[19.99981,50.01698],[20.00027,50.01777],[20.00127,50.01759],[20.00202,50.01703],[20.00021,50.01591]]]}},{"type":"Feature","properties":{"nr":"252","dzielnica":"Dzielnica XII"},"geometry":{"type":"Polygon","coordinates":[[[20.00467,50.01194],[20.00318,50.01],[20.00233,50.01027],[20.00186,50.00975],[19.99872,50.01061],[19.99846,50.01135],[19.99673,50.01179],[19.99524,50.01052],[19.99302,50.01137],[19.99158,50.01078],[19.99071,50.01126],[19.99055,50.0115],[19.99051,50.012],[19.99065,50.01201],[19.99024,50.01234],[19.99096,50.01292],[19.99087,50.01333],[19.99238,50.01325],[19.99106,50.01452],[19.99121,50.01544],[19.99272,50.01636],[19.99303,50.01621],[19.99524,50.01815],[19.99646,50.0187],[19.9977,50.01844],[19.99891,50.0179],[19.99952,50.01946],[20.00061,50.01943],[20.0013,50.0185],[20.00077,50.01796],[20.00027,50.01777],[19.99981,50.01698],[19.99904,50.01714],[19.99889,50.01682],[19.99856,50.01691],[19.99826,50.01634],[20.00021,50.01591],[19.99875,50.0142],[20.00467,50.01194]]]}},{"type":"Feature","properties":{"nr":"253","dzielnica":"Dzielnica XII"},"geometry":{"type":"Polygon","coordinates":[[[20.001,50.01467],[20.00672,50.01311],[20.00904,50.01208],[20.00949,50.013],[20.01004,50.01304],[20.01041,50.01243],[20.01082,50.01232],[20.0105,50.01176],[20.00936,50.01193],[20.00951,50.01168],[20.00914,50.01134],[20.00884,50.01146],[20.00782,50.01055],[20.00329,50.01255],[19.99942,50.01395],[20.00089,50.01477],[20.001,50.01467]]]}},{"type":"Feature","properties":{"nr":"254","dzielnica":"Dzielnica XII"},"geometry":{"type":"Polygon","coordinates":[[[20.00904,50.01208],[20.00672,50.01311],[20.00152,50.01441],[20.00089,50.01477],[20.00133,50.01464],[20.00173,50.0148],[20.00334,50.01443],[20.00417,50.01541],[20.00272,50.01579],[20.00469,50.01665],[20.00473,50.01623],[20.00645,50.01579],[20.00612,50.01492],[20.00987,50.01398],[20.01033,50.0137],[20.01004,50.01304],[20.00949,50.013],[20.00904,50.01208]]]}},{"type":"Feature","properties":{"nr":"255","dzielnica":"Dzielnica XII"},"geometry":{"type":"Polygon","coordinates":[[[20.00469,50.01665],[20.00562,50.01671],[20.00946,50.01608],[20.00925,50.01568],[20.01004,50.01551],[20.00982,50.01506],[20.01034,50.01491],[20.00987,50.01398],[20.00612,50.01492],[20.00645,50.01579],[20.00473,50.01623],[20.00469,50.01665]]]}},{"type":"Feature","properties":{"nr":"256","dzielnica":"Dzielnica XII"},"geometry":{"type":"Polygon","coordinates":[[[20.01221,50.01216],[20.01346,50.01161],[20.01162,50.01003],[20.01069,50.01057],[20.00976,50.00969],[20.00782,50.01055],[20.00884,50.01146],[20.00914,50.01134],[20.00951,50.01168],[20.00936,50.01193],[20.0105,50.01176],[20.01082,50.01232],[20.01041,50.01243],[20.01004,50.01304],[20.01077,50.01438],[20.01241,50.014],[20.01255,50.01278],[20.01221,50.01216]]]}},{"type":"Feature","properties":{"nr":"257","dzielnica":"Dzielnica XII"},"geometry":{"type":"Polygon","coordinates":[[[20.00782,50.01055],[20.0113,50.00898],[20.00946,50.00777],[20.00983,50.00726],[20.00982,50.00645],[20.01156,50.00624],[20.01121,50.00571],[20.00922,50.00511],[20.00754,50.00488],[20.00251,50.00489],[20.00179,50.00516],[20.00127,50.00475],[20.00066,50.00539],[19.99822,50.00703],[19.9967,50.00835],[19.99254,50.01017],[19.9924,50.01038],[19.99152,50.01061],[19.99192,50.011],[19.99302,50.01137],[19.99524,50.01052],[19.99673,50.01179],[19.99846,50.01135],[19.99872,50.01061],[20.00186,50.00975],[20.00233,50.01027],[20.00318,50.01],[20.00467,50.01194],[20.00782,50.01055]]]}},{"type":"Feature","properties":{"nr":"258","dzielnica":"Dzielnica XII"},"geometry":{"type":"Polygon","coordinates":[[[20.01259,50.00842],[20.02272,50.00393],[20.02336,50.00356],[20.02359,50.00301],[20.02215,50.00325],[20.01881,50.00311],[20.01849,50.00418],[20.01828,50.00433],[20.01673,50.00395],[20.01054,50.00333],[20.00631,50.00249],[20.00611,50.00196],[20.00426,50.00117],[20.00394,50.00139],[20.00007,50.0014],[20.00066,50.00203],[20.00016,50.00216],[20.0004,50.00247],[20.00131,50.00254],[20.0032,50.0034],[20.00158,50.00387],[20.00127,50.00475],[20.00179,50.00516],[20.00251,50.00489],[20.00754,50.00488],[20.00922,50.00511],[20.01121,50.00571],[20.01156,50.00624],[20.00982,50.00645],[20.00983,50.00726],[20.00946,50.00777],[20.0113,50.00898],[20.01259,50.00842]]]}},{"type":"Feature","properties":{"nr":"259","dzielnica":"Dzielnica XII"},"geometry":{"type":"Polygon","coordinates":[[[20.01422,50.00768],[20.01531,50.00867],[20.01589,50.0082],[20.01615,50.00823],[20.01625,50.00915],[20.01673,50.00917],[20.01683,50.00907],[20.01661,50.00887],[20.01719,50.00887],[20.0175,50.00915],[20.01727,50.00962],[20.01959,50.00984],[20.01978,50.01111],[20.02166,50.01115],[20.02176,50.01168],[20.02356,50.01161],[20.02359,50.01188],[20.02486,50.01171],[20.02315,50.01087],[20.02094,50.00756],[20.01985,50.00693],[20.01764,50.00613],[20.01422,50.00768]]]}},{"type":"Feature","properties":{"nr":"260","dzielnica":"Dzielnica XII"},"geometry":{"type":"Polygon","coordinates":[[[20.01978,50.01111],[20.01959,50.00984],[20.01727,50.00962],[20.0175,50.00915],[20.01719,50.00887],[20.01661,50.00887],[20.01683,50.00907],[20.01673,50.00917],[20.01625,50.00915],[20.01615,50.00823],[20.01589,50.0082],[20.01531,50.00867],[20.01422,50.00768],[20.00976,50.00969],[20.01069,50.01057],[20.01162,50.01003],[20.01346,50.01161],[20.01637,50.01176],[20.01982,50.01165],[20.01978,50.01111]]]}},{"type":"Feature","properties":{"nr":"261","dzielnica":"Dzielnica XII"},"geometry":{"type":"Polygon","coordinates":[[[20.02091,50.01465],[20.0225,50.01431],[20.02257,50.01445],[20.02326,50.01434],[20.02357,50.01482],[20.02829,50.01435],[20.02778,50.01315],[20.02486,50.01171],[20.02359,50.01188],[20.02356,50.01161],[20.02176,50.01168],[20.02166,50.01115],[20.01978,50.01111],[20.01987,50.01243],[20.02073,50.01245],[20.02065,50.01418],[20.02091,50.01465]]]}},{"type":"Feature","properties":{"nr":"262","dzielnica":"Dzielnica XII"},"geometry":{"type":"Polygon","coordinates":[[[20.01386,50.01625],[20.01407,50.01546],[20.01511,50.01547],[20.01493,50.0162],[20.01621,50.01625],[20.01947,50.01561],[20.01946,50.01511],[20.02091,50.01465],[20.02065,50.01418],[20.02073,50.01245],[20.01987,50.01243],[20.01982,50.01165],[20.01637,50.01176],[20.01346,50.01161],[20.01221,50.01216],[20.01255,50.01278],[20.01227,50.01514],[20.0124,50.01547],[20.01279,50.01611],[20.01386,50.01625]]]}},{"type":"Feature","properties":{"nr":"263","dzielnica":"Dzielnica XII"},"geometry":{"type":"Polygon","coordinates":[[[20.01169,50.02052],[20.01198,50.02045],[20.01205,50.02011],[20.0133,50.02039],[20.01419,50.02012],[20.01617,50.02022],[20.01628,50.02046],[20.0168,50.02038],[20.0167,50.0201],[20.01825,50.01978],[20.01821,50.01778],[20.02017,50.01782],[20.02085,50.0163],[20.0194,50.01625],[20.01947,50.01561],[20.01621,50.01625],[20.01493,50.0162],[20.01511,50.01547],[20.01407,50.01546],[20.01386,50.01625],[20.01279,50.01611],[20.01242,50.01678],[20.00973,50.01803],[20.00763,50.01958],[20.00758,50.02015],[20.00807,50.02098],[20.00952,50.02079],[20.00944,50.02124],[20.00979,50.02129],[20.01155,50.02073],[20.01169,50.02052]]]}},{"type":"Feature","properties":{"nr":"264","dzielnica":"Dzielnica XII"},"geometry":{"type":"Polygon","coordinates":[[[20.02052,50.01909],[20.02106,50.01898],[20.02132,50.01959],[20.02237,50.01916],[20.02221,50.01888],[20.02264,50.01878],[20.0228,50.01904],[20.02476,50.01872],[20.02462,50.01832],[20.02801,50.01788],[20.02844,50.0151],[20.02829,50.01435],[20.02357,50.01482],[20.02326,50.01434],[20.02257,50.01445],[20.0225,50.01431],[20.01946,50.01511],[20.0194,50.01625],[20.02085,50.0163],[20.02017,50.01782],[20.01821,50.01778],[20.01819,50.01957],[20.02052,50.01909]]]}},{"type":"Feature","properties":{"nr":"265","dzielnica":"Dzielnica XII"},"geometry":{"type":"Polygon","coordinates":[[[20.03501,50.03511],[20.03639,50.03486],[20.03882,50.03407],[20.04217,50.03397],[20.04207,50.03331],[20.04101,50.03228],[20.0405,50.03085],[20.03992,50.03007],[20.03782,50.02394],[20.03793,50.02368],[20.03766,50.02284],[20.03742,50.02043],[20.03664,50.01943],[20.03488,50.01832],[20.03136,50.018],[20.02804,50.01808],[20.02801,50.01788],[20.02761,50.0179],[20.02462,50.01832],[20.02476,50.01872],[20.0228,50.01904],[20.02264,50.01878],[20.02221,50.01888],[20.02237,50.01916],[20.02132,50.01959],[20.02106,50.01898],[20.01819,50.01957],[20.01825,50.01978],[20.0167,50.0201],[20.0168,50.02038],[20.01628,50.02046],[20.01617,50.02022],[20.01419,50.02012],[20.0133,50.02039],[20.01205,50.02011],[20.01198,50.02045],[20.01155,50.02073],[20.01142,50.02128],[20.01239,50.02134],[20.01237,50.02169],[20.01145,50.02168],[20.01138,50.02236],[20.01278,50.02241],[20.01312,50.02362],[20.01426,50.02346],[20.01445,50.02404],[19.98882,50.02829],[19.99205,50.03038],[19.99198,50.03084],[19.99645,50.03038],[19.99643,50.03017],[19.9997,50.02971],[20.00488,50.02943],[20.01365,50.02803],[20.0141,50.02801],[20.01455,50.02833],[20.01483,50.02815],[20.01436,50.02797],[20.01982,50.02651],[20.02271,50.02589],[20.02421,50.02568],[20.02624,50.02573],[20.02795,50.02532],[20.02806,50.02688],[20.02784,50.02847],[20.02955,50.02999],[20.02975,50.03118],[20.02915,50.03331],[20.02938,50.03411],[20.03082,50.03417],[20.0331,50.03496],[20.03501,50.03511]]]}},{"type":"Feature","properties":{"nr":"266","dzielnica":"Dzielnica XII"},"geometry":{"type":"Polygon","coordinates":[[[20.01764,50.00613],[20.02074,50.00736],[20.02315,50.01087],[20.02778,50.01315],[20.02817,50.01383],[20.02844,50.0151],[20.02798,50.01754],[20.02804,50.01808],[20.03136,50.018],[20.03479,50.01241],[20.03536,50.01077],[20.03564,50.01076],[20.03518,50.00808],[20.03414,50.00609],[20.03071,50.00257],[20.0303,50.00153],[20.0304,50.00099],[20.02888,50.00108],[20.02879,50.00091],[20.02918,50.0004],[20.02933,49.99969],[20.02919,49.99929],[20.02851,49.99918],[20.02359,50.00301],[20.02336,50.00356],[20.01764,50.00613]]]}},{"type":"Feature","properties":{"nr":"267","dzielnica":"Dzielnica XII"},"geometry":{"type":"Polygon","coordinates":[[[20.04485,50.01911],[20.05295,50.01779],[20.05622,50.01754],[20.05631,50.01694],[20.05681,50.01648],[20.05683,50.01629],[20.05616,50.01612],[20.05554,50.01571],[20.05399,50.01573],[20.05397,50.01532],[20.05322,50.01549],[20.05287,50.01535],[20.0532,50.01459],[20.05292,50.01424],[20.05054,50.01303],[20.04919,50.01466],[20.04959,50.01522],[20.04943,50.01639],[20.04856,50.0166],[20.0468,50.01662],[20.04688,50.0164],[20.04345,50.01583],[20.04211,50.01539],[20.04216,50.01474],[20.0427,50.01486],[20.04339,50.01356],[20.04272,50.01331],[20.04278,50.01313],[20.04236,50.01281],[20.04305,50.01143],[20.04323,50.01141],[20.04304,50.00981],[20.04197,50.00998],[20.0436,50.00895],[20.04387,50.00828],[20.04356,50.00803],[20.04359,50.00758],[20.04506,50.00788],[20.04516,50.00764],[20.04554,50.00771],[20.04588,50.0072],[20.04635,50.00731],[20.04821,50.00413],[20.04818,50.0032],[20.04779,50.00176],[20.04771,49.99972],[20.04795,49.9991],[20.04733,49.99896],[20.04692,49.99912],[20.04395,49.99913],[20.03914,49.99983],[20.03772,50.001],[20.03573,50.00141],[20.03164,50.00097],[20.0304,50.00099],[20.0303,50.00153],[20.03071,50.00257],[20.03381,50.00565],[20.03468,50.00693],[20.03528,50.00844],[20.03564,50.01076],[20.03536,50.01077],[20.03479,50.01241],[20.03136,50.018],[20.03488,50.01832],[20.03597,50.01871],[20.03717,50.01975],[20.03891,50.02008],[20.04485,50.01911]]]}},{"type":"Feature","properties":{"nr":"268","dzielnica":"Dzielnica XII"},"geometry":{"type":"Polygon","coordinates":[[[20.06936,50.01718],[20.06913,50.01581],[20.06821,50.01445],[20.06761,50.01295],[20.06788,50.01184],[20.06721,50.00953],[20.06677,50.00915],[20.06626,50.00902],[20.06567,50.00779],[20.06413,50.00811],[20.06301,50.00812],[20.06238,50.00763],[20.0623,50.00729],[20.06256,50.00686],[20.06233,50.00635],[20.06182,50.00624],[20.06159,50.00579],[20.06139,50.00583],[20.06074,50.00532],[20.05828,50.00567],[20.05752,50.00483],[20.057,50.00465],[20.05517,50.00459],[20.05517,50.00411],[20.05157,50.00382],[20.04965,50.00429],[20.04821,50.00413],[20.04635,50.00731],[20.04588,50.0072],[20.04554,50.00771],[20.04516,50.00764],[20.04506,50.00788],[20.04359,50.00758],[20.04356,50.00803],[20.04387,50.00828],[20.0436,50.00895],[20.04197,50.00998],[20.04304,50.00981],[20.04323,50.01141],[20.04305,50.01143],[20.04236,50.01281],[20.04278,50.01313],[20.04272,50.01331],[20.04339,50.01356],[20.0427,50.01486],[20.04216,50.01474],[20.04201,50.01506],[20.04211,50.01539],[20.04345,50.01583],[20.04688,50.0164],[20.0468,50.01662],[20.04748,50.01669],[20.04943,50.01639],[20.04959,50.01522],[20.04919,50.01466],[20.05054,50.01303],[20.05292,50.01424],[20.0532,50.01459],[20.05287,50.01535],[20.05322,50.01549],[20.05397,50.01532],[20.05399,50.01573],[20.05554,50.01571],[20.05616,50.01612],[20.05683,50.01629],[20.05631,50.01694],[20.05607,50.01857],[20.06521,50.01973],[20.06903,50.02042],[20.06973,50.01839],[20.06936,50.01718]]]}},{"type":"Feature","properties":{"nr":"269","dzielnica":"Dzielnica XII"},"geometry":{"type":"Polygon","coordinates":[[[20.05607,50.01857],[20.05498,50.01844],[20.05475,50.01881],[20.05485,50.01989],[20.05438,50.02012],[20.05441,50.0207],[20.05513,50.0207],[20.05524,50.0219],[20.05999,50.02188],[20.06382,50.02235],[20.06609,50.02315],[20.06718,50.02216],[20.06846,50.02199],[20.06903,50.02042],[20.06521,50.01973],[20.05607,50.01857]]]}},{"type":"Feature","properties":{"nr":"270","dzielnica":"Dzielnica XII"},"geometry":{"type":"Polygon","coordinates":[[[20.05373,50.02149],[20.04908,50.0215],[20.0491,50.02231],[20.04739,50.02224],[20.04696,50.02096],[20.0469,50.02054],[20.04706,50.02032],[20.04882,50.02033],[20.04996,50.02007],[20.04974,50.01965],[20.05097,50.01939],[20.05052,50.01908],[20.05004,50.01827],[20.03891,50.02008],[20.03717,50.01975],[20.03597,50.01871],[20.03563,50.01866],[20.03664,50.01943],[20.03742,50.02043],[20.03766,50.02284],[20.03793,50.02368],[20.03782,50.02394],[20.03992,50.03007],[20.0405,50.03085],[20.04101,50.03228],[20.04207,50.03331],[20.04217,50.03397],[20.04736,50.03396],[20.05288,50.03443],[20.05775,50.03371],[20.06275,50.03384],[20.07282,50.03144],[20.0728,50.03088],[20.07228,50.02976],[20.06843,50.02649],[20.06774,50.02548],[20.06487,50.02426],[20.06609,50.02315],[20.06382,50.02235],[20.05999,50.02188],[20.05377,50.02191],[20.05373,50.02149]]]}},{"type":"Feature","properties":{"nr":"271","dzielnica":"Dzielnica XIII"},"geometry":{"type":"Polygon","coordinates":[[[20.0921,50.051],[20.09345,50.04959],[20.09423,50.04832],[20.09446,50.04761],[20.09444,50.04668],[20.09416,50.04532],[20.09438,50.04442],[20.09506,50.04344],[20.09624,50.04258],[20.09808,50.0418],[20.1007,50.04132],[20.10324,50.04119],[20.0994,50.03778],[20.0981,50.03731],[20.09484,50.03699],[20.09402,50.03716],[20.09212,50.03804],[20.0917,50.03869],[20.09159,50.0397],[20.09188,50.04097],[20.09233,50.0418],[20.09226,50.04206],[20.09167,50.04232],[20.09174,50.04258],[20.09092,50.04364],[20.0893,50.0445],[20.0892,50.0448],[20.08811,50.04493],[20.08728,50.04456],[20.08688,50.04403],[20.08631,50.04389],[20.08562,50.04291],[20.08353,50.04149],[20.08249,50.04135],[20.0817,50.04079],[20.08034,50.04072],[20.08101,50.03871],[20.082,50.03892],[20.08348,50.03823],[20.0838,50.0379],[20.08335,50.03777],[20.0821,50.0367],[20.07981,50.03591],[20.07974,50.03579],[20.08052,50.03518],[20.08167,50.03465],[20.0817,50.03426],[20.07705,50.03329],[20.07467,50.03258],[20.07353,50.03218],[20.07282,50.03144],[20.06275,50.03384],[20.05775,50.03371],[20.05288,50.03443],[20.05284,50.03676],[20.05249,50.03761],[20.0525,50.03836],[20.0526,50.0393],[20.05307,50.03992],[20.05324,50.04265],[20.05282,50.04295],[20.05727,50.05082],[20.05995,50.05047],[20.06898,50.05054],[20.07753,50.05172],[20.08295,50.05272],[20.08666,50.05306],[20.0902,50.05217],[20.0921,50.051]]]}},{"type":"Feature","properties":{"nr":"272","dzielnica":"Dzielnica XIII"},"geometry":{"type":"Polygon","coordinates":[[[20.05724,50.05076],[20.05282,50.04295],[20.05324,50.04265],[20.05307,50.03992],[20.0526,50.0393],[20.0525,50.03836],[20.05249,50.03761],[20.05284,50.03676],[20.05288,50.03443],[20.04736,50.03396],[20.03953,50.03402],[20.03781,50.0343],[20.03595,50.03496],[20.03417,50.0351],[20.0331,50.03496],[20.03082,50.03417],[20.02938,50.03411],[20.02812,50.03439],[20.02756,50.03654],[20.02589,50.03637],[20.02538,50.0377],[20.02411,50.03757],[20.02421,50.03712],[20.02283,50.03697],[20.02297,50.03595],[20.02199,50.03586],[20.02185,50.03701],[20.01836,50.03698],[20.01863,50.03894],[20.01764,50.04009],[20.01668,50.0407],[20.01621,50.04157],[20.01613,50.04202],[20.01652,50.04318],[20.01821,50.04375],[20.01907,50.04482],[20.02604,50.04547],[20.02584,50.04671],[20.02687,50.04648],[20.02589,50.05138],[20.03135,50.04874],[20.03575,50.04784],[20.03797,50.04788],[20.04039,50.04845],[20.04586,50.05127],[20.04834,50.05191],[20.05135,50.052],[20.05512,50.05134],[20.05724,50.05076]]]}},{"type":"Feature","properties":{"nr":"273","dzielnica":"Dzielnica XIII"},"geometry":{"type":"Polygon","coordinates":[[[20.01907,50.04482],[20.01821,50.04375],[20.01652,50.04318],[20.01613,50.04202],[20.01668,50.0407],[20.01764,50.04009],[20.01863,50.03894],[20.01836,50.03698],[20.02185,50.03701],[20.02199,50.03586],[20.02297,50.03595],[20.02283,50.03697],[20.02421,50.03712],[20.02411,50.03757],[20.02538,50.0377],[20.02589,50.03637],[20.02756,50.03654],[20.02812,50.03439],[20.02938,50.03411],[20.02915,50.03331],[20.02975,50.03118],[20.02955,50.02999],[20.02784,50.02847],[20.02806,50.02688],[20.02795,50.02532],[20.02624,50.02573],[20.02421,50.02568],[20.02271,50.02589],[20.01982,50.02651],[20.01436,50.02797],[20.01483,50.02815],[20.01455,50.02833],[20.0141,50.02801],[20.01365,50.02803],[20.00488,50.02943],[19.9997,50.02971],[19.99643,50.03017],[19.99645,50.03038],[19.99362,50.03065],[19.9929,50.03205],[19.9933,50.03553],[19.99304,50.03623],[19.99586,50.03647],[19.99619,50.03669],[19.99709,50.03666],[19.9971,50.03695],[19.9981,50.03694],[19.99804,50.03736],[19.9967,50.03738],[19.99675,50.03855],[19.99625,50.0387],[19.99803,50.03864],[19.99793,50.03929],[19.99679,50.03937],[19.99648,50.03908],[19.99566,50.0391],[19.99582,50.04015],[19.99894,50.03984],[20.00052,50.03903],[20.00081,50.03842],[20.00299,50.03814],[20.0031,50.03858],[20.0043,50.03849],[20.00449,50.04028],[20.00389,50.04045],[20.00405,50.04132],[20.0029,50.04149],[20.00311,50.04192],[20.00237,50.04215],[20.0037,50.04595],[20.00456,50.04747],[20.00708,50.04631],[20.00966,50.04542],[20.01193,50.04495],[20.01409,50.04495],[20.01515,50.04519],[20.01647,50.04596],[20.01809,50.04862],[20.02009,50.0506],[20.02142,50.05129],[20.02283,50.05168],[20.02442,50.05169],[20.02589,50.05138],[20.02687,50.04648],[20.02584,50.04671],[20.02604,50.04547],[20.01907,50.04482]]]}},{"type":"Feature","properties":{"nr":"274","dzielnica":"Dzielnica XIII"},"geometry":{"type":"Polygon","coordinates":[[[19.99259,50.04107],[19.99315,50.04041],[19.99582,50.04015],[19.99566,50.0391],[19.99648,50.03908],[19.99679,50.03937],[19.99784,50.03936],[19.99803,50.03864],[19.99625,50.0387],[19.99675,50.03855],[19.9967,50.03738],[19.99804,50.03736],[19.9981,50.03694],[19.9971,50.03695],[19.99709,50.03666],[19.99619,50.03669],[19.99586,50.03647],[19.99304,50.03623],[19.9933,50.03553],[19.9929,50.03205],[19.99362,50.03065],[19.99198,50.03084],[19.99205,50.03038],[19.98882,50.02829],[19.9858,50.0291],[19.98263,50.03027],[19.98288,50.03252],[19.98226,50.03394],[19.98128,50.03465],[19.98037,50.03464],[19.97941,50.03407],[19.97859,50.03459],[19.97921,50.03497],[19.97994,50.03509],[19.9794,50.03555],[19.97996,50.03579],[19.98038,50.03552],[19.98133,50.03564],[19.98297,50.03684],[19.98454,50.0369],[19.9847,50.03911],[19.98434,50.03947],[19.98357,50.03969],[19.98358,50.03988],[19.98409,50.04024],[19.98384,50.04073],[19.99084,50.04056],[19.99133,50.04137],[19.99188,50.0414],[19.99259,50.04107]]]}},{"type":"Feature","properties":{"nr":"275","dzielnica":"Dzielnica XIII"},"geometry":{"type":"Polygon","coordinates":[[[19.99913,50.04251],[19.99886,50.0411],[19.99924,50.04106],[19.99894,50.03984],[19.99315,50.04041],[19.99259,50.04107],[19.99164,50.04162],[19.99159,50.04197],[19.99076,50.04241],[19.9908,50.04267],[19.99033,50.04289],[19.99032,50.04317],[19.9909,50.04491],[19.99123,50.04488],[19.99131,50.04512],[19.99378,50.04451],[19.99331,50.04369],[19.99669,50.04354],[19.99661,50.04277],[19.9955,50.04281],[19.99547,50.04246],[19.99652,50.04239],[19.99656,50.04271],[19.99716,50.04268],[19.99718,50.04289],[19.99793,50.04284],[19.99784,50.04259],[19.99913,50.04251]]]}},{"type":"Feature","properties":{"nr":"276","dzielnica":"Dzielnica XIII"},"geometry":{"type":"Polygon","coordinates":[[[20.0037,50.04595],[20.00237,50.04215],[20.00311,50.04192],[20.0029,50.04149],[20.00405,50.04132],[20.00389,50.04045],[20.00449,50.04028],[20.0043,50.03849],[20.0031,50.03858],[20.00299,50.03814],[20.00081,50.03842],[20.00052,50.03903],[19.99894,50.03984],[19.99924,50.04106],[19.99886,50.0411],[19.99913,50.04251],[19.99784,50.04259],[19.99815,50.04399],[19.99914,50.04394],[19.99932,50.04422],[19.99901,50.04538],[20.00001,50.04557],[19.99948,50.04682],[19.99849,50.04689],[19.99986,50.05049],[20.00179,50.04903],[20.00456,50.04747],[20.0037,50.04595]]]}},{"type":"Feature","properties":{"nr":"277","dzielnica":"Dzielnica XIII"},"geometry":{"type":"Polygon","coordinates":[[[19.99932,50.04422],[19.99914,50.04394],[19.99815,50.04399],[19.99793,50.04284],[19.99656,50.04271],[19.99652,50.04239],[19.99547,50.04246],[19.9955,50.04281],[19.99661,50.04277],[19.99669,50.04354],[19.99331,50.04369],[19.99378,50.04451],[19.99131,50.04512],[19.99123,50.04488],[19.9909,50.04491],[19.99032,50.04317],[19.99016,50.04355],[19.98849,50.04451],[19.98716,50.04469],[19.98616,50.04508],[19.98616,50.04575],[19.98414,50.04521],[19.98381,50.04541],[19.98415,50.04562],[19.98404,50.04588],[19.98471,50.04606],[19.98521,50.04649],[19.98719,50.04703],[19.98714,50.04721],[19.98839,50.04719],[19.98838,50.04695],[19.98998,50.04643],[19.99065,50.04653],[19.99038,50.04711],[19.99066,50.04742],[19.99061,50.04781],[19.98862,50.04848],[19.98826,50.04892],[19.99061,50.04899],[19.99069,50.0499],[19.99179,50.0499],[19.99293,50.05044],[19.99498,50.05035],[19.99591,50.04967],[19.99926,50.05113],[19.99986,50.05049],[19.99849,50.04689],[19.99948,50.04682],[20.00002,50.04576],[20.00001,50.04557],[19.99958,50.0456],[19.99952,50.04536],[19.99901,50.04538],[19.99932,50.04422]]]}},{"type":"Feature","properties":{"nr":"278","dzielnica":"Dzielnica XIII"},"geometry":{"type":"Polygon","coordinates":[[[19.98384,50.0459],[19.98394,50.04617],[19.98324,50.04764],[19.98174,50.04896],[19.98305,50.04962],[19.98256,50.05005],[19.98353,50.05054],[19.9865,50.05138],[19.98908,50.05246],[19.99705,50.055],[19.99926,50.05113],[19.99591,50.04967],[19.99498,50.05035],[19.99293,50.05044],[19.99179,50.0499],[19.99069,50.0499],[19.99061,50.04899],[19.98826,50.04892],[19.98862,50.04848],[19.99061,50.04781],[19.99066,50.04742],[19.99038,50.04711],[19.99065,50.04653],[19.99053,50.04645],[19.98998,50.04643],[19.98838,50.04695],[19.98839,50.04719],[19.98714,50.04721],[19.98719,50.04703],[19.98521,50.04649],[19.98471,50.04606],[19.98384,50.0459]]]}},{"type":"Feature","properties":{"nr":"279","dzielnica":"Dzielnica XIII"},"geometry":{"type":"Polygon","coordinates":[[[19.98828,50.04461],[19.99016,50.04355],[19.99033,50.04289],[19.9908,50.04267],[19.99076,50.04241],[19.99159,50.04197],[19.99188,50.0414],[19.99133,50.04137],[19.99084,50.04056],[19.98384,50.04073],[19.98409,50.04024],[19.98358,50.03988],[19.98357,50.03969],[19.98434,50.03947],[19.9847,50.03911],[19.98454,50.0369],[19.98297,50.03684],[19.98133,50.03564],[19.98038,50.03552],[19.97996,50.03579],[19.9794,50.03555],[19.97994,50.03509],[19.97921,50.03497],[19.97859,50.03459],[19.97941,50.03407],[19.98037,50.03464],[19.98128,50.03465],[19.98226,50.03394],[19.98288,50.03252],[19.98263,50.03027],[19.98045,50.03142],[19.97378,50.0359],[19.97673,50.0372],[19.97679,50.03751],[19.97653,50.03753],[19.9757,50.03846],[19.97576,50.03923],[19.97643,50.03937],[19.97741,50.04077],[19.97684,50.0409],[19.97718,50.04243],[19.97683,50.04285],[19.97743,50.04326],[19.97882,50.04316],[19.98076,50.04348],[19.9813,50.04368],[19.98131,50.04494],[19.98297,50.04487],[19.98304,50.04518],[19.9833,50.04522],[19.98303,50.04583],[19.98223,50.04596],[19.98142,50.04685],[19.98009,50.04654],[19.97879,50.0465],[19.97801,50.04708],[19.98174,50.04896],[19.98324,50.04764],[19.98394,50.04617],[19.98384,50.0459],[19.98404,50.04588],[19.98415,50.04562],[19.98381,50.04541],[19.98414,50.04521],[19.98616,50.04575],[19.98616,50.04508],[19.98716,50.04469],[19.98828,50.04461]]]}},{"type":"Feature","properties":{"nr":"280","dzielnica":"Dzielnica XIII"},"geometry":{"type":"Polygon","coordinates":[[[19.97801,50.04708],[19.97879,50.0465],[19.98009,50.04654],[19.98142,50.04685],[19.98223,50.04596],[19.98303,50.04583],[19.9833,50.04522],[19.98304,50.04518],[19.98297,50.04487],[19.98131,50.04494],[19.9813,50.04368],[19.98076,50.04348],[19.97882,50.04316],[19.97743,50.04326],[19.97683,50.04285],[19.97718,50.04243],[19.97684,50.0409],[19.97741,50.04077],[19.97643,50.03937],[19.97576,50.03923],[19.9757,50.03846],[19.97653,50.03753],[19.97679,50.03751],[19.97673,50.0372],[19.97378,50.0359],[19.97121,50.03753],[19.96957,50.03947],[19.96583,50.04195],[19.96416,50.04193],[19.96356,50.04254],[19.96545,50.04284],[19.9649,50.04427],[19.96787,50.04554],[19.96848,50.04515],[19.96879,50.04532],[19.96931,50.04504],[19.97022,50.04498],[19.97071,50.04434],[19.97634,50.04629],[19.97801,50.04708]]]}},{"type":"Feature","properties":{"nr":"281","dzielnica":"Dzielnica XIII"},"geometry":{"type":"Polygon","coordinates":[[[19.96658,50.04146],[19.96957,50.03947],[19.97121,50.03753],[19.97715,50.03375],[19.98045,50.03142],[19.98263,50.03027],[19.9858,50.0291],[19.98882,50.02829],[19.9868,50.02696],[19.98511,50.02636],[19.98553,50.02596],[19.9849,50.02576],[19.98448,50.02606],[19.98418,50.02596],[19.98371,50.02654],[19.98326,50.0264],[19.98294,50.02673],[19.98193,50.02708],[19.98111,50.02659],[19.97847,50.02588],[19.97738,50.02696],[19.97651,50.02668],[19.97623,50.02683],[19.97644,50.02691],[19.97585,50.02765],[19.97317,50.03011],[19.96991,50.03354],[19.97015,50.03394],[19.97058,50.03385],[19.97112,50.0333],[19.97333,50.03407],[19.97466,50.03475],[19.97091,50.03678],[19.96995,50.03672],[19.96954,50.03731],[19.96907,50.03732],[19.96853,50.03692],[19.96943,50.03597],[19.96836,50.03554],[19.9692,50.03469],[19.96981,50.03464],[19.96935,50.0341],[19.96162,50.04168],[19.96583,50.04195],[19.96658,50.04146]]]}},{"type":"Feature","properties":{"nr":"282","dzielnica":"Dzielnica XIII"},"geometry":{"type":"Polygon","coordinates":[[[19.96987,50.03699],[19.96995,50.03672],[19.97091,50.03678],[19.97466,50.03475],[19.97333,50.03407],[19.97112,50.0333],[19.97058,50.03385],[19.97015,50.03394],[19.96991,50.03354],[19.97317,50.03011],[19.97585,50.02765],[19.97644,50.02691],[19.97623,50.02683],[19.97666,50.02672],[19.97742,50.02599],[19.97651,50.02541],[19.97209,50.02647],[19.97014,50.02676],[19.96608,50.02698],[19.9595,50.02838],[19.9591,50.0283],[19.95923,50.0279],[19.95892,50.02782],[19.95803,50.02839],[19.95846,50.02908],[19.95825,50.03025],[19.95928,50.03052],[19.95995,50.03048],[19.96299,50.03128],[19.96598,50.03281],[19.96538,50.03465],[19.96542,50.03579],[19.9666,50.03682],[19.96935,50.0341],[19.96981,50.03464],[19.9692,50.03469],[19.96836,50.03554],[19.96943,50.03597],[19.96853,50.03692],[19.96907,50.03732],[19.96954,50.03731],[19.96987,50.03699]]]}},{"type":"Feature","properties":{"nr":"283","dzielnica":"Dzielnica XIII"},"geometry":{"type":"Polygon","coordinates":[[[19.94829,50.03472],[19.94579,50.03532],[19.94559,50.03567],[19.94846,50.03645],[19.94793,50.03709],[19.94945,50.03861],[19.95162,50.03991],[19.95079,50.04083],[19.94941,50.04352],[19.94968,50.04373],[19.9504,50.04353],[19.95032,50.04472],[19.95094,50.04498],[19.95098,50.04458],[19.95362,50.04467],[19.95381,50.04494],[19.95459,50.04483],[19.95496,50.04501],[19.95493,50.04487],[19.95569,50.04471],[19.95554,50.04449],[19.95653,50.04447],[19.957,50.04427],[19.95689,50.04412],[19.95871,50.04371],[19.95865,50.04324],[19.96027,50.04244],[19.96055,50.04253],[19.96098,50.04216],[19.95987,50.04114],[19.9559,50.04036],[19.9544,50.03969],[19.94914,50.03565],[19.94829,50.03472]]]}},{"type":"Feature","properties":{"nr":"284","dzielnica":"Dzielnica XIII"},"geometry":{"type":"Polygon","coordinates":[[[19.93582,50.04117],[19.93796,50.03872],[19.94008,50.03703],[19.94065,50.03633],[19.94112,50.03613],[19.9411,50.03583],[19.94478,50.03452],[19.9456,50.03404],[19.94727,50.0326],[19.94695,50.03266],[19.94691,50.03189],[19.94622,50.02996],[19.94541,50.02908],[19.9443,50.02851],[19.94105,50.02764],[19.94064,50.02823],[19.93686,50.02889],[19.93643,50.02855],[19.93615,50.02861],[19.93411,50.02973],[19.93242,50.03027],[19.92759,50.03022],[19.92847,50.03184],[19.92723,50.03334],[19.92863,50.03418],[19.92871,50.03452],[19.92817,50.03509],[19.92858,50.03584],[19.93484,50.03936],[19.93523,50.03978],[19.93561,50.04103],[19.93582,50.04117]]]}},{"type":"Feature","properties":{"nr":"285","dzielnica":"Dzielnica XIII"},"geometry":{"type":"Polygon","coordinates":[[[19.94941,50.04352],[19.95079,50.04083],[19.95162,50.03991],[19.94945,50.03861],[19.94793,50.03709],[19.94846,50.03645],[19.94559,50.03567],[19.94579,50.03532],[19.94689,50.03493],[19.95168,50.03425],[19.95368,50.03451],[19.95533,50.03408],[19.95636,50.03254],[19.95653,50.03159],[19.95834,50.03015],[19.95846,50.02908],[19.95808,50.02853],[19.95247,50.02974],[19.95042,50.03038],[19.94833,50.03147],[19.94838,50.03161],[19.9456,50.03404],[19.94347,50.0351],[19.9411,50.03583],[19.94112,50.03613],[19.94065,50.03633],[19.94263,50.03981],[19.94276,50.03976],[19.94292,50.04027],[19.94343,50.04077],[19.9432,50.04095],[19.9433,50.04116],[19.94403,50.04155],[19.94364,50.04174],[19.94396,50.04209],[19.94417,50.04193],[19.94547,50.04246],[19.94573,50.04225],[19.94596,50.04236],[19.94582,50.04249],[19.94647,50.04284],[19.94684,50.04254],[19.94822,50.04308],[19.94837,50.0429],[19.94941,50.04325],[19.94941,50.04352]]]}},{"type":"Feature","properties":{"nr":"286","dzielnica":"Dzielnica XIII"},"geometry":{"type":"Polygon","coordinates":[[[19.94097,50.04359],[19.9407,50.04343],[19.94107,50.04316],[19.93931,50.04203],[19.93948,50.04147],[19.93923,50.04145],[19.93923,50.04124],[19.94013,50.04118],[19.93948,50.04021],[19.94024,50.04002],[19.94085,50.04034],[19.9412,50.04021],[19.94101,50.03999],[19.94225,50.03915],[19.94065,50.03633],[19.94008,50.03703],[19.93796,50.03872],[19.93582,50.04117],[19.94061,50.04387],[19.94097,50.04359]]]}},{"type":"Feature","properties":{"nr":"287","dzielnica":"Dzielnica XIII"},"geometry":{"type":"Polygon","coordinates":[[[19.94145,50.04327],[19.94204,50.04284],[19.94281,50.04271],[19.94326,50.04235],[19.94333,50.04185],[19.94403,50.04155],[19.9433,50.04116],[19.9432,50.04095],[19.94343,50.04077],[19.94225,50.03915],[19.94101,50.03999],[19.9412,50.04021],[19.94085,50.04034],[19.94024,50.04002],[19.93948,50.04021],[19.94013,50.04118],[19.93923,50.04124],[19.93923,50.04145],[19.93948,50.04147],[19.93931,50.04203],[19.94107,50.04316],[19.9407,50.04343],[19.94097,50.04359],[19.94145,50.04327]]]}},{"type":"Feature","properties":{"nr":"288","dzielnica":"Dzielnica XIII"},"geometry":{"type":"Polygon","coordinates":[[[19.94819,50.046],[19.94868,50.04567],[19.9503,50.04573],[19.95053,50.04528],[19.95091,50.04529],[19.95094,50.04498],[19.95032,50.04472],[19.9504,50.04353],[19.94968,50.04373],[19.94947,50.04367],[19.94941,50.04325],[19.94837,50.0429],[19.94822,50.04308],[19.94684,50.04254],[19.94647,50.04284],[19.94582,50.04249],[19.94596,50.04236],[19.94573,50.04225],[19.94547,50.04246],[19.94417,50.04193],[19.94396,50.04209],[19.94364,50.04174],[19.94333,50.04185],[19.94326,50.04235],[19.94281,50.04271],[19.94204,50.04284],[19.94061,50.04387],[19.94206,50.04483],[19.94413,50.04513],[19.94765,50.04651],[19.94819,50.046]]]}},{"type":"Feature","properties":{"nr":"289","dzielnica":"Dzielnica XIII"},"geometry":{"type":"Polygon","coordinates":[[[19.95465,50.04779],[19.95475,50.0475],[19.9544,50.04743],[19.95405,50.04773],[19.95372,50.0477],[19.95351,50.04746],[19.95396,50.04709],[19.953,50.04651],[19.95372,50.04634],[19.9535,50.04583],[19.95375,50.04559],[19.95529,50.04596],[19.95559,50.04524],[19.95715,50.04487],[19.95704,50.04478],[19.95584,50.04494],[19.95569,50.04471],[19.95493,50.04487],[19.95496,50.04501],[19.95459,50.04483],[19.95381,50.04494],[19.95362,50.04467],[19.95098,50.04458],[19.95091,50.04529],[19.95053,50.04528],[19.9503,50.04573],[19.94868,50.04567],[19.94765,50.04651],[19.95318,50.0493],[19.95428,50.04843],[19.95465,50.04779]]]}},{"type":"Feature","properties":{"nr":"290","dzielnica":"Dzielnica XIII"},"geometry":{"type":"Polygon","coordinates":[[[19.95825,50.03025],[19.95653,50.03159],[19.95636,50.03254],[19.95533,50.03408],[19.95368,50.03451],[19.95168,50.03425],[19.94829,50.03472],[19.94914,50.03565],[19.9544,50.03969],[19.9559,50.04036],[19.95987,50.04114],[19.96098,50.04216],[19.96055,50.04253],[19.96027,50.04244],[19.95865,50.04324],[19.95871,50.04371],[19.95689,50.04412],[19.957,50.04427],[19.95653,50.04447],[19.95554,50.04449],[19.95584,50.04494],[19.95715,50.04487],[19.95616,50.04511],[19.95629,50.04535],[19.95702,50.0452],[19.95735,50.04493],[19.95753,50.04521],[19.95827,50.04496],[19.95848,50.04535],[19.96011,50.04616],[19.95883,50.04716],[19.9626,50.04737],[19.96547,50.04694],[19.96605,50.0464],[19.9661,50.04524],[19.96645,50.04489],[19.9649,50.04427],[19.96545,50.04284],[19.96356,50.04254],[19.96416,50.04193],[19.96162,50.04168],[19.9666,50.03682],[19.96542,50.03579],[19.96538,50.03465],[19.96598,50.03281],[19.96299,50.03128],[19.95995,50.03048],[19.95928,50.03052],[19.95825,50.03025]]]}},{"type":"Feature","properties":{"nr":"291","dzielnica":"Dzielnica XIII"},"geometry":{"type":"Polygon","coordinates":[[[19.95372,50.0477],[19.95405,50.04773],[19.9544,50.04743],[19.95475,50.0475],[19.95442,50.04827],[19.95318,50.0493],[19.95489,50.05023],[19.96011,50.04616],[19.95848,50.04535],[19.95827,50.04496],[19.95753,50.04521],[19.95735,50.04493],[19.9564,50.04538],[19.95616,50.04511],[19.95559,50.04524],[19.95529,50.04596],[19.95375,50.04559],[19.9535,50.04583],[19.95372,50.04634],[19.953,50.04651],[19.95396,50.04709],[19.95351,50.04746],[19.95372,50.0477]]]}},{"type":"Feature","properties":{"nr":"292","dzielnica":"Dzielnica XIII"},"geometry":{"type":"Polygon","coordinates":[[[19.97022,50.04498],[19.96931,50.04504],[19.96879,50.04532],[19.96848,50.04515],[19.96787,50.04554],[19.96645,50.04489],[19.9661,50.04524],[19.96605,50.0464],[19.96547,50.04694],[19.9626,50.04737],[19.95883,50.04716],[19.95489,50.05023],[19.95768,50.05152],[19.96139,50.05261],[19.96568,50.05285],[19.97062,50.05222],[19.97234,50.05231],[19.97702,50.05352],[19.97895,50.05426],[19.9802,50.05513],[19.98109,50.05587],[19.98233,50.05759],[19.98423,50.0591],[19.98527,50.05962],[19.98643,50.05983],[19.98876,50.05979],[19.9914,50.05927],[19.99509,50.05729],[19.9969,50.05554],[19.99705,50.055],[19.98908,50.05246],[19.9865,50.05138],[19.98353,50.05054],[19.98256,50.05005],[19.98305,50.04962],[19.97634,50.04629],[19.97071,50.04434],[19.97022,50.04498]]]}},{"type":"Feature","properties":{"nr":"293","dzielnica":"Dzielnica XIV"},"geometry":{"type":"Polygon","coordinates":[[[20.02168,50.0653],[20.02238,50.0645],[20.03078,50.06524],[20.03145,50.06477],[20.03252,50.06461],[20.03326,50.06429],[20.03553,50.06397],[20.03533,50.06436],[20.04062,50.06317],[20.04033,50.06242],[20.04159,50.06235],[20.04146,50.06155],[20.04213,50.06145],[20.04163,50.05998],[20.04062,50.05995],[20.03841,50.05894],[20.03933,50.05865],[20.0375,50.05769],[20.03729,50.05775],[20.03704,50.05709],[20.03617,50.05628],[20.04243,50.05384],[20.04754,50.05347],[20.04745,50.05283],[20.04798,50.05267],[20.04834,50.05191],[20.04586,50.05127],[20.04039,50.04845],[20.03849,50.04797],[20.03705,50.04783],[20.03575,50.04784],[20.03226,50.04844],[20.03028,50.04913],[20.02736,50.05079],[20.02589,50.05138],[20.02442,50.05169],[20.02283,50.05168],[20.02142,50.05129],[20.02009,50.0506],[20.01809,50.04862],[20.01698,50.04658],[20.01585,50.04554],[20.01409,50.04495],[20.01118,50.04503],[20.00861,50.04575],[20.00552,50.04698],[20.00109,50.04951],[19.99926,50.05113],[19.99652,50.05605],[19.99561,50.05693],[19.99396,50.058],[19.9914,50.05927],[19.9903,50.05957],[19.98685,50.05986],[19.98648,50.06038],[19.98483,50.06154],[19.98215,50.06245],[19.98453,50.06369],[19.9923,50.06507],[19.99769,50.06259],[20.0009,50.06308],[20.0037,50.06311],[20.00302,50.05903],[20.00402,50.05861],[20.00455,50.05803],[20.00472,50.05641],[20.00831,50.05723],[20.01013,50.05793],[20.01669,50.05928],[20.01769,50.06008],[20.02212,50.06142],[20.02196,50.06242],[20.02144,50.06325],[20.02187,50.06356],[20.02093,50.06431],[20.02168,50.0653]]]}},{"type":"Feature","properties":{"nr":"294","dzielnica":"Dzielnica XIV"},"geometry":{"type":"Polygon","coordinates":[[[20.02168,50.0653],[20.02093,50.06431],[20.02187,50.06356],[20.02144,50.06325],[20.02196,50.06242],[20.02212,50.06142],[20.01769,50.06008],[20.01669,50.05928],[20.01201,50.05834],[20.01135,50.06063],[20.00991,50.06051],[20.00971,50.06253],[20.01091,50.06307],[20.01095,50.06369],[20.01241,50.06373],[20.01236,50.06421],[20.01517,50.06413],[20.01726,50.06441],[20.01878,50.06433],[20.01875,50.06573],[20.02123,50.06688],[20.02113,50.06579],[20.02168,50.0653]]]}},{"type":"Feature","properties":{"nr":"295","dzielnica":"Dzielnica XIV"},"geometry":{"type":"Polygon","coordinates":[[[20.01607,50.06976],[20.0169,50.06973],[20.01732,50.06938],[20.01813,50.06968],[20.02123,50.06688],[20.01875,50.06573],[20.01878,50.06433],[20.01726,50.06441],[20.01517,50.06413],[20.01236,50.06421],[20.01241,50.06373],[20.01095,50.06369],[20.01091,50.06307],[20.00971,50.06253],[20.00991,50.06051],[20.01135,50.06063],[20.01201,50.05834],[20.01013,50.05793],[20.00831,50.05723],[20.00472,50.05641],[20.00455,50.05803],[20.00402,50.05861],[20.00302,50.05903],[20.00412,50.06553],[20.01048,50.06556],[20.01196,50.06652],[20.01075,50.06691],[20.01067,50.06801],[20.01115,50.06802],[20.01113,50.06852],[20.01215,50.06844],[20.0124,50.06853],[20.01219,50.06877],[20.01239,50.06898],[20.013,50.0685],[20.01465,50.06993],[20.01594,50.07062],[20.01651,50.07133],[20.01643,50.07056],[20.01615,50.07032],[20.01607,50.06976]]]}},{"type":"Feature","properties":{"nr":"296","dzielnica":"Dzielnica XIV"},"geometry":{"type":"Polygon","coordinates":[[[20.0085,50.0738],[20.01078,50.0735],[20.01135,50.07299],[20.01137,50.07248],[20.0143,50.07239],[20.01478,50.07196],[20.0146,50.07168],[20.01474,50.07167],[20.01481,50.07073],[20.0152,50.0707],[20.01555,50.07095],[20.01594,50.07088],[20.0165,50.07264],[20.01664,50.07262],[20.01651,50.07133],[20.01594,50.07062],[20.01465,50.06993],[20.013,50.0685],[20.01239,50.06898],[20.01219,50.06877],[20.0124,50.06853],[20.01215,50.06844],[20.01113,50.06852],[20.01115,50.06802],[20.01067,50.06801],[20.01075,50.06691],[20.01196,50.06652],[20.01048,50.06556],[20.00412,50.06553],[20.0037,50.06311],[20.0009,50.06308],[19.99769,50.06259],[19.9923,50.06507],[19.99072,50.06488],[19.99055,50.06544],[19.99108,50.06609],[20.00438,50.06783],[20.00491,50.07096],[20.00473,50.07302],[20.0073,50.07401],[20.0085,50.0738]]]}},{"type":"Feature","properties":{"nr":"297","dzielnica":"Dzielnica XIV"},"geometry":{"type":"Polygon","coordinates":[[[20.0196,50.07296],[20.02922,50.07203],[20.02872,50.071],[20.02955,50.0701],[20.03089,50.06975],[20.02896,50.06792],[20.02922,50.06719],[20.02902,50.06607],[20.02952,50.06597],[20.02993,50.06559],[20.03078,50.06524],[20.02238,50.0645],[20.02113,50.06579],[20.02123,50.06688],[20.01813,50.06968],[20.01752,50.06943],[20.0181,50.07205],[20.01859,50.07201],[20.01866,50.07222],[20.01865,50.07235],[20.01762,50.07245],[20.01768,50.07256],[20.0182,50.07286],[20.0196,50.07296]]]}},{"type":"Feature","properties":{"nr":"298","dzielnica":"Dzielnica XIV"},"geometry":{"type":"Polygon","coordinates":[[[20.01768,50.07256],[20.01762,50.07245],[20.01865,50.07235],[20.01866,50.07222],[20.01859,50.07201],[20.0181,50.07205],[20.01776,50.06997],[20.01752,50.06943],[20.01732,50.06938],[20.0169,50.06973],[20.01607,50.06976],[20.01615,50.07032],[20.01643,50.07056],[20.01664,50.07262],[20.0165,50.07264],[20.01594,50.07088],[20.01555,50.07095],[20.0152,50.0707],[20.01481,50.07073],[20.01474,50.07167],[20.0146,50.07168],[20.01478,50.07196],[20.0143,50.07239],[20.01137,50.07248],[20.01135,50.07299],[20.01078,50.0735],[20.0075,50.07394],[20.0073,50.07401],[20.00723,50.07437],[20.01236,50.07392],[20.01332,50.07573],[20.01917,50.07515],[20.01736,50.07426],[20.01629,50.07394],[20.01614,50.07318],[20.01659,50.07266],[20.01768,50.07256]]]}},{"type":"Feature","properties":{"nr":"299","dzielnica":"Dzielnica XIV"},"geometry":{"type":"Polygon","coordinates":[[[19.99169,50.06621],[19.99108,50.06609],[19.99055,50.06544],[19.99075,50.0648],[19.98864,50.06447],[19.98845,50.06711],[19.98814,50.06723],[19.98827,50.06772],[19.98807,50.0682],[19.98689,50.06917],[19.98417,50.07055],[19.98583,50.07186],[19.98545,50.07217],[19.98587,50.07258],[19.9871,50.07254],[19.98742,50.07321],[19.98851,50.07327],[19.98813,50.0756],[19.98906,50.07607],[19.98934,50.07658],[19.98863,50.07715],[19.98724,50.07967],[19.98764,50.0801],[19.98939,50.08052],[19.98865,50.08188],[19.99855,50.08223],[19.99864,50.08092],[19.99942,50.07967],[20.00006,50.07902],[19.99955,50.07817],[19.99975,50.07757],[20.00171,50.0767],[20.00358,50.07423],[20.00723,50.07437],[20.0073,50.07401],[20.00473,50.07302],[20.00491,50.07096],[20.00438,50.06783],[19.99169,50.06621]]]}},{"type":"Feature","properties":{"nr":"300","dzielnica":"Dzielnica XIV"},"geometry":{"type":"Polygon","coordinates":[[[20.01386,50.07666],[20.01236,50.07392],[20.00723,50.07437],[20.00358,50.07423],[20.00171,50.0767],[20.00252,50.07648],[20.01031,50.07597],[20.01064,50.07681],[20.00947,50.07709],[20.00971,50.07751],[20.01386,50.07666]]]}},{"type":"Feature","properties":{"nr":"301","dzielnica":"Dzielnica XIV"},"geometry":{"type":"Polygon","coordinates":[[[20.00947,50.07709],[20.00788,50.07747],[20.00994,50.07885],[20.00996,50.07966],[20.01334,50.07962],[20.01369,50.07997],[20.01565,50.07936],[20.01524,50.07868],[20.01578,50.07861],[20.01587,50.07893],[20.01616,50.07889],[20.0193,50.07815],[20.01913,50.07768],[20.02189,50.0768],[20.02136,50.07632],[20.01917,50.07515],[20.01332,50.07573],[20.01386,50.07666],[20.00971,50.07751],[20.00947,50.07709]]]}},{"type":"Feature","properties":{"nr":"302","dzielnica":"Dzielnica XIV"},"geometry":{"type":"Polygon","coordinates":[[[20.00996,50.07966],[20.00994,50.07885],[20.00788,50.07747],[20.01064,50.07681],[20.01031,50.07597],[20.00252,50.07648],[20.00124,50.07682],[19.99975,50.07757],[19.99955,50.07783],[19.99955,50.07817],[20.00006,50.07902],[20.00218,50.0785],[20.00364,50.07882],[20.00516,50.07849],[20.00577,50.07948],[20.00677,50.07951],[20.0071,50.07908],[20.00784,50.07952],[20.00797,50.08011],[20.00996,50.07966]]]}},{"type":"Feature","properties":{"nr":"303","dzielnica":"Dzielnica XIV"},"geometry":{"type":"Polygon","coordinates":[[[20.00797,50.08011],[20.00784,50.07952],[20.0071,50.07908],[20.00677,50.07951],[20.00577,50.07948],[20.00516,50.07849],[20.00364,50.07882],[20.00218,50.0785],[20.00254,50.07889],[20.00364,50.08115],[20.00797,50.08011]]]}},{"type":"Feature","properties":{"nr":"304","dzielnica":"Dzielnica XIV"},"geometry":{"type":"Polygon","coordinates":[[[20.00136,50.08457],[20.00204,50.08421],[20.00372,50.08413],[20.00336,50.08319],[20.00443,50.08294],[20.00428,50.08267],[20.00587,50.08231],[20.00565,50.08193],[20.00494,50.08166],[20.00391,50.08188],[20.0037,50.08151],[20.00258,50.08176],[20.00277,50.08214],[19.99878,50.08293],[20.00068,50.08514],[20.00133,50.08492],[20.00136,50.08457]]]}},{"type":"Feature","properties":{"nr":"305","dzielnica":"Dzielnica XIV"},"geometry":{"type":"Polygon","coordinates":[[[20.00831,50.08402],[20.00805,50.08353],[20.00931,50.08324],[20.00895,50.08296],[20.00849,50.08189],[20.00914,50.08137],[20.01134,50.08091],[20.01184,50.08212],[20.01245,50.0827],[20.01589,50.08161],[20.01571,50.08095],[20.01574,50.07995],[20.01592,50.07981],[20.01568,50.07938],[20.01369,50.07997],[20.01334,50.07962],[20.00996,50.07966],[20.00612,50.08058],[20.00674,50.08172],[20.00565,50.08193],[20.00587,50.08231],[20.00476,50.08256],[20.00546,50.08373],[20.00502,50.0838],[20.00547,50.08469],[20.00831,50.08402]]]}},{"type":"Feature","properties":{"nr":"306","dzielnica":"Dzielnica XIV"},"geometry":{"type":"Polygon","coordinates":[[[20.00931,50.08324],[20.01245,50.0827],[20.01184,50.08212],[20.01134,50.08091],[20.00914,50.08137],[20.00849,50.08189],[20.00895,50.08296],[20.00931,50.08324]]]}},{"type":"Feature","properties":{"nr":"307","dzielnica":"Dzielnica XIV"},"geometry":{"type":"Polygon","coordinates":[[[20.00907,50.08641],[20.01329,50.08568],[20.01183,50.08285],[20.00805,50.08353],[20.00831,50.08402],[20.00664,50.08441],[20.0073,50.08568],[20.00956,50.08536],[20.00992,50.08603],[20.00825,50.08633],[20.00834,50.08653],[20.00907,50.08641]]]}},{"type":"Feature","properties":{"nr":"308","dzielnica":"Dzielnica XIV"},"geometry":{"type":"Polygon","coordinates":[[[20.00956,50.08536],[20.0073,50.08568],[20.00664,50.08441],[20.00547,50.08469],[20.00502,50.0838],[20.00546,50.08373],[20.00476,50.08256],[20.00428,50.08267],[20.00443,50.08294],[20.00336,50.08319],[20.00372,50.08413],[20.00204,50.08421],[20.00136,50.08457],[20.00133,50.08492],[20.00068,50.08514],[20.0015,50.08623],[20.00137,50.08788],[20.00345,50.0881],[20.00374,50.08775],[20.00834,50.08653],[20.00825,50.08633],[20.00992,50.08603],[20.00956,50.08536]]]}},{"type":"Feature","properties":{"nr":"309","dzielnica":"Dzielnica XIV"},"geometry":{"type":"Polygon","coordinates":[[[20.00111,50.08785],[20.00137,50.08788],[20.00155,50.0866],[20.00137,50.08594],[19.99922,50.08361],[19.99855,50.08223],[19.98865,50.08188],[19.98827,50.08259],[19.98795,50.08275],[19.98753,50.08338],[19.98649,50.08317],[19.98618,50.08372],[19.98678,50.0837],[19.9867,50.08409],[19.98513,50.08477],[19.98453,50.08533],[19.98396,50.08553],[19.98235,50.08554],[19.98245,50.08627],[19.97952,50.08604],[19.98864,50.08705],[19.99309,50.08774],[19.99491,50.08758],[20.00111,50.08785]]]}},{"type":"Feature","properties":{"nr":"310","dzielnica":"Dzielnica XV"},"geometry":{"type":"Polygon","coordinates":[[[19.98923,50.09172],[19.99039,50.09177],[19.9903,50.09124],[19.99054,50.09125],[19.99055,50.09078],[19.98854,50.09055],[19.98879,50.08986],[19.98992,50.0894],[19.99061,50.09016],[19.99154,50.09019],[19.99178,50.09041],[19.99271,50.09034],[19.99285,50.0895],[19.99423,50.08958],[19.99518,50.08868],[19.99527,50.0876],[19.99309,50.08774],[19.98864,50.08705],[19.97933,50.08607],[19.97851,50.08793],[19.9806,50.0882],[19.98013,50.08975],[19.98285,50.09006],[19.98297,50.09028],[19.98363,50.09042],[19.98785,50.09095],[19.98776,50.09194],[19.98895,50.09196],[19.98923,50.09172]]]}},{"type":"Feature","properties":{"nr":"311","dzielnica":"Dzielnica XV"},"geometry":{"type":"Polygon","coordinates":[[[19.98936,50.09275],[19.98943,50.09219],[19.99094,50.09208],[19.991,50.09171],[19.99243,50.09179],[19.99316,50.09215],[19.99415,50.09218],[19.99446,50.09177],[19.99451,50.0912],[19.99208,50.09096],[19.99271,50.09034],[19.99178,50.09041],[19.99154,50.09019],[19.99061,50.09016],[19.98992,50.0894],[19.98879,50.08986],[19.98854,50.09055],[19.99055,50.09078],[19.99054,50.09125],[19.9903,50.09124],[19.99039,50.09177],[19.98923,50.09172],[19.98895,50.09196],[19.98776,50.09194],[19.98766,50.09289],[19.98981,50.0931],[19.98936,50.09275]]]}},{"type":"Feature","properties":{"nr":"312","dzielnica":"Dzielnica XV"},"geometry":{"type":"Polygon","coordinates":[[[19.98981,50.0931],[19.99032,50.09257],[19.99261,50.09337],[19.99277,50.09374],[19.99378,50.09412],[19.99424,50.09358],[19.99482,50.0936],[19.99487,50.09287],[19.99453,50.09273],[19.99466,50.09239],[19.99415,50.09218],[19.99316,50.09215],[19.99243,50.09179],[19.991,50.09171],[19.99094,50.09208],[19.98943,50.09219],[19.98936,50.09275],[19.98981,50.0931]]]}},{"type":"Feature","properties":{"nr":"313","dzielnica":"Dzielnica XV"},"geometry":{"type":"Polygon","coordinates":[[[19.99394,50.09389],[19.99378,50.09412],[19.99277,50.09374],[19.99261,50.09337],[19.99032,50.09257],[19.98981,50.0931],[19.98766,50.09289],[19.98751,50.0944],[19.98756,50.09454],[19.99112,50.09495],[19.99472,50.09503],[19.99482,50.0936],[19.99424,50.09358],[19.99394,50.09389]]]}},{"type":"Feature","properties":{"nr":"314","dzielnica":"Dzielnica XV"},"geometry":{"type":"Polygon","coordinates":[[[19.99506,50.09258],[19.99703,50.09265],[19.99706,50.09238],[19.99648,50.09236],[19.9963,50.09068],[19.99823,50.08774],[19.99527,50.0876],[19.99518,50.08868],[19.99423,50.08958],[19.99285,50.0895],[19.99278,50.09025],[19.99208,50.09096],[19.99451,50.0912],[19.99446,50.09177],[19.99415,50.09218],[19.99466,50.09239],[19.99453,50.09273],[19.99487,50.09287],[19.99506,50.09258]]]}},{"type":"Feature","properties":{"nr":"315","dzielnica":"Dzielnica XV"},"geometry":{"type":"Polygon","coordinates":[[[19.99506,50.09258],[19.99487,50.09287],[19.99472,50.09503],[19.99506,50.09559],[19.99651,50.09547],[20.00144,50.09427],[20.00138,50.0933],[20.00166,50.09329],[20.00163,50.09158],[20.00008,50.09136],[19.99989,50.09166],[19.9963,50.09068],[19.99648,50.09236],[19.99706,50.09238],[19.99703,50.09265],[19.99506,50.09258]]]}},{"type":"Feature","properties":{"nr":"316","dzielnica":"Dzielnica XV"},"geometry":{"type":"Polygon","coordinates":[[[20.00008,50.09136],[20.00141,50.09158],[20.00363,50.09159],[20.00335,50.09079],[20.00162,50.09053],[20.00161,50.08996],[20.00222,50.08899],[20.00153,50.08851],[20.00137,50.08788],[19.99823,50.08774],[19.9963,50.09068],[19.99989,50.09166],[20.00008,50.09136]]]}},{"type":"Feature","properties":{"nr":"317","dzielnica":"Dzielnica XV"},"geometry":{"type":"Polygon","coordinates":[[[20.00163,50.09158],[20.00166,50.09329],[20.00138,50.0933],[20.00144,50.09427],[20.00649,50.09369],[20.0063,50.09223],[20.00573,50.0913],[20.00334,50.08951],[20.00222,50.08899],[20.00161,50.08996],[20.00162,50.09053],[20.00335,50.09079],[20.00363,50.09159],[20.00163,50.09158]]]}},{"type":"Feature","properties":{"nr":"318","dzielnica":"Dzielnica XV"},"geometry":{"type":"Polygon","coordinates":[[[20.00137,50.08788],[20.00169,50.0887],[20.00334,50.08951],[20.00587,50.09147],[20.0063,50.09223],[20.00649,50.09369],[20.01265,50.09457],[20.01376,50.09378],[20.00456,50.08842],[20.00345,50.0881],[20.00137,50.08788]]]}},{"type":"Feature","properties":{"nr":"319","dzielnica":"Dzielnica XV"},"geometry":{"type":"Polygon","coordinates":[[[19.99962,50.09467],[19.99992,50.09521],[20.00129,50.09498],[20.0017,50.09583],[20.00165,50.09636],[20.00374,50.09682],[20.00451,50.09744],[20.00722,50.09652],[20.00913,50.09402],[20.00649,50.09369],[20.00144,50.09427],[19.99962,50.09467]]]}},{"type":"Feature","properties":{"nr":"320","dzielnica":"Dzielnica XV"},"geometry":{"type":"Polygon","coordinates":[[[19.99815,50.09719],[19.99836,50.09778],[19.99949,50.09806],[20.00174,50.09724],[20.00374,50.09682],[20.00165,50.09636],[20.0017,50.09583],[20.00129,50.09498],[19.99992,50.09521],[19.99877,50.09566],[19.99841,50.09616],[19.99815,50.09719]]]}},{"type":"Feature","properties":{"nr":"321","dzielnica":"Dzielnica XV"},"geometry":{"type":"Polygon","coordinates":[[[19.99522,50.098],[19.99498,50.09748],[19.99647,50.09724],[19.99825,50.09666],[19.99861,50.09578],[19.99992,50.09521],[19.99962,50.09467],[19.99651,50.09547],[19.99506,50.09559],[19.99472,50.09503],[19.99112,50.09495],[19.98756,50.09454],[19.98808,50.09491],[19.9877,50.09562],[19.98806,50.0979],[19.98776,50.0979],[19.99051,50.09905],[19.99248,50.09956],[19.99215,50.1001],[19.99591,50.10061],[19.99619,50.10011],[19.9957,50.09974],[19.99557,50.09934],[19.99593,50.09865],[19.99554,50.09848],[19.99522,50.098]]]}},{"type":"Feature","properties":{"nr":"322","dzielnica":"Dzielnica XV"},"geometry":{"type":"Polygon","coordinates":[[[19.99962,50.09909],[19.99823,50.0991],[19.99874,50.09855],[19.99807,50.09854],[19.99807,50.09829],[19.99978,50.09802],[19.99836,50.09778],[19.99815,50.09719],[19.99825,50.09666],[19.99647,50.09724],[19.99498,50.09748],[19.99554,50.09848],[19.99593,50.09865],[19.99557,50.09934],[19.9957,50.09974],[19.99619,50.10011],[19.99591,50.10061],[19.99519,50.1005],[19.99535,50.10276],[19.99936,50.10284],[19.99962,50.09909]]]}},{"type":"Feature","properties":{"nr":"323","dzielnica":"Dzielnica XV"},"geometry":{"type":"Polygon","coordinates":[[[20.0032,50.10199],[20.00385,50.10134],[20.0051,50.10164],[20.00605,50.10154],[20.00632,50.1015],[20.00604,50.10126],[20.00649,50.10084],[20.00695,50.10098],[20.00739,50.10078],[20.00733,50.10015],[20.00764,50.09973],[20.00662,50.09916],[20.00706,50.09849],[20.00693,50.09719],[20.00722,50.09652],[20.00451,50.09744],[20.00374,50.09682],[20.00174,50.09724],[19.99978,50.09802],[19.99807,50.09829],[19.99807,50.09854],[19.99874,50.09855],[19.99823,50.0991],[19.99962,50.09909],[19.99936,50.10284],[20.00295,50.10291],[20.0032,50.10199]]]}},{"type":"Feature","properties":{"nr":"324","dzielnica":"Dzielnica XV"},"geometry":{"type":"Polygon","coordinates":[[[20.00739,50.10078],[20.00695,50.10098],[20.00649,50.10084],[20.00604,50.10126],[20.00632,50.1015],[20.00605,50.10154],[20.0051,50.10164],[20.00385,50.10134],[20.0032,50.10199],[20.00295,50.10291],[20.00742,50.1054],[20.01225,50.10585],[20.01208,50.10401],[20.0129,50.10117],[20.01207,50.10109],[20.01162,50.10211],[20.01059,50.10207],[20.01061,50.10145],[20.00964,50.10139],[20.00958,50.10156],[20.00898,50.10154],[20.00899,50.10138],[20.008,50.10135],[20.00739,50.10078]]]}},{"type":"Feature","properties":{"nr":"325","dzielnica":"Dzielnica XV"},"geometry":{"type":"Polygon","coordinates":[[[20.00662,50.09916],[20.00764,50.09973],[20.00733,50.10015],[20.0075,50.10098],[20.008,50.10135],[20.00958,50.10156],[20.00964,50.10139],[20.01061,50.10145],[20.01026,50.10041],[20.01031,50.09967],[20.01181,50.09978],[20.01187,50.09905],[20.01037,50.09899],[20.0104,50.09861],[20.00706,50.09849],[20.00662,50.09916]]]}},{"type":"Feature","properties":{"nr":"326","dzielnica":"Dzielnica XV"},"geometry":{"type":"Polygon","coordinates":[[[20.01202,50.10129],[20.01207,50.10109],[20.0129,50.10117],[20.01319,50.10038],[20.01336,50.09954],[20.01307,50.09735],[20.01121,50.09734],[20.01129,50.09816],[20.0104,50.09861],[20.01037,50.09899],[20.01187,50.09905],[20.01181,50.09978],[20.01031,50.09967],[20.01026,50.10041],[20.01061,50.10145],[20.01059,50.10207],[20.01162,50.10211],[20.01202,50.10129]]]}},{"type":"Feature","properties":{"nr":"327","dzielnica":"Dzielnica XV"},"geometry":{"type":"Polygon","coordinates":[[[20.01023,50.0961],[20.01287,50.09611],[20.01265,50.09457],[20.00913,50.09402],[20.00729,50.09643],[20.00859,50.09673],[20.00878,50.09633],[20.00908,50.09634],[20.01,50.09677],[20.01023,50.0961]]]}},{"type":"Feature","properties":{"nr":"328","dzielnica":"Dzielnica XV"},"geometry":{"type":"Polygon","coordinates":[[[20.01129,50.09816],[20.01121,50.09734],[20.01307,50.09735],[20.01287,50.09611],[20.01023,50.0961],[20.01,50.09677],[20.00878,50.09633],[20.00859,50.09673],[20.00729,50.09643],[20.00704,50.09678],[20.00706,50.09849],[20.0104,50.09861],[20.01129,50.09816]]]}},{"type":"Feature","properties":{"nr":"329","dzielnica":"Dzielnica XV"},"geometry":{"type":"Polygon","coordinates":[[[20.01652,50.09639],[20.01531,50.0962],[20.01553,50.09561],[20.01509,50.09553],[20.01544,50.09465],[20.01376,50.09378],[20.01265,50.09457],[20.0132,50.09817],[20.01544,50.09823],[20.01582,50.09846],[20.01652,50.09639]]]}},{"type":"Feature","properties":{"nr":"330","dzielnica":"Dzielnica XV"},"geometry":{"type":"Polygon","coordinates":[[[20.01882,50.10005],[20.01903,50.0993],[20.02021,50.09968],[20.02057,50.09938],[20.01951,50.09884],[20.01973,50.09864],[20.01807,50.09788],[20.01811,50.09723],[20.01873,50.09649],[20.01911,50.09553],[20.01698,50.09528],[20.01544,50.09465],[20.01509,50.09553],[20.01553,50.09561],[20.01531,50.0962],[20.01652,50.09639],[20.01582,50.09846],[20.01755,50.10004],[20.01882,50.10005]]]}},{"type":"Feature","properties":{"nr":"331","dzielnica":"Dzielnica XV"},"geometry":{"type":"Polygon","coordinates":[[[20.01951,50.09884],[20.02209,50.1],[20.02262,50.09986],[20.0225,50.09939],[20.021,50.09738],[20.02121,50.09708],[20.02085,50.09679],[20.02112,50.09628],[20.02087,50.09518],[20.01911,50.09553],[20.01873,50.09649],[20.01811,50.09723],[20.01807,50.09788],[20.01973,50.09864],[20.01951,50.09884]]]}},{"type":"Feature","properties":{"nr":"332","dzielnica":"Dzielnica XV"},"geometry":{"type":"Polygon","coordinates":[[[20.01903,50.0993],[20.01882,50.10005],[20.01755,50.10004],[20.01544,50.09823],[20.0132,50.09817],[20.01336,50.09954],[20.01466,50.09964],[20.01444,50.10002],[20.01654,50.09993],[20.01631,50.10007],[20.01877,50.10194],[20.0193,50.10381],[20.02059,50.10561],[20.0221,50.10518],[20.02424,50.10394],[20.02474,50.10398],[20.02662,50.10266],[20.02541,50.10206],[20.02335,50.10314],[20.02272,50.1029],[20.02386,50.10094],[20.02262,50.09986],[20.02209,50.1],[20.02057,50.09938],[20.02021,50.09968],[20.01903,50.0993]]]}},{"type":"Feature","properties":{"nr":"333","dzielnica":"Dzielnica XV"},"geometry":{"type":"Polygon","coordinates":[[[20.01895,50.1026],[20.01877,50.10194],[20.01631,50.10007],[20.01654,50.09993],[20.01444,50.10002],[20.01466,50.09964],[20.01336,50.09954],[20.01281,50.10141],[20.01391,50.10152],[20.01391,50.10193],[20.01484,50.10191],[20.0149,50.10278],[20.01895,50.1026]]]}},{"type":"Feature","properties":{"nr":"334","dzielnica":"Dzielnica XV"},"geometry":{"type":"Polygon","coordinates":[[[20.01895,50.1026],[20.0149,50.10278],[20.01484,50.10191],[20.01391,50.10193],[20.01391,50.10152],[20.01281,50.10141],[20.01276,50.10209],[20.01208,50.10401],[20.01225,50.10585],[20.00742,50.1054],[20.00295,50.10291],[19.99535,50.10276],[19.99519,50.1005],[19.99215,50.1001],[19.99204,50.10026],[19.9907,50.09994],[19.99043,50.10041],[19.9907,50.1006],[19.99065,50.10141],[19.99101,50.10195],[19.99083,50.1025],[19.99106,50.10288],[19.99104,50.10388],[19.98667,50.10478],[19.98784,50.10523],[19.98872,50.10513],[19.9895,50.10536],[19.99075,50.10612],[19.99205,50.10653],[19.99649,50.10716],[20.00459,50.10716],[20.01625,50.10662],[20.01757,50.10644],[20.02059,50.10561],[20.0193,50.10381],[20.01895,50.1026]]]}},{"type":"Feature","properties":{"nr":"335","dzielnica":"Dzielnica XV"},"geometry":{"type":"Polygon","coordinates":[[[20.03403,50.10874],[20.03504,50.10655],[20.03556,50.10586],[20.03629,50.10595],[20.03708,50.10564],[20.03753,50.10575],[20.03773,50.10546],[20.03753,50.10522],[20.03668,50.10495],[20.03327,50.1043],[20.03354,50.10368],[20.03462,50.10228],[20.03455,50.10212],[20.03398,50.10187],[20.03204,50.09947],[20.03079,50.09943],[20.02986,50.0988],[20.02969,50.09836],[20.02982,50.09808],[20.03019,50.09775],[20.03113,50.09767],[20.03155,50.09711],[20.03167,50.09661],[20.03213,50.09621],[20.03204,50.09577],[20.03271,50.09468],[20.03149,50.0942],[20.03074,50.09368],[20.02988,50.09357],[20.02952,50.09329],[20.02789,50.09332],[20.02607,50.09361],[20.02087,50.09518],[20.02112,50.09628],[20.02085,50.09679],[20.02121,50.09708],[20.021,50.09738],[20.0225,50.09939],[20.02262,50.09986],[20.02386,50.10094],[20.02272,50.1029],[20.02335,50.10314],[20.02541,50.10206],[20.02593,50.10229],[20.02662,50.10266],[20.02474,50.10398],[20.02763,50.10436],[20.028,50.10577],[20.03004,50.10588],[20.03163,50.10788],[20.03403,50.10874]]]}},{"type":"Feature","properties":{"nr":"336","dzielnica":"Dzielnica XVI"},"geometry":{"type":"Polygon","coordinates":[[[20.02713,50.09011],[20.02755,50.08945],[20.02783,50.08951],[20.02757,50.09009],[20.02812,50.09018],[20.02837,50.08965],[20.02798,50.08958],[20.02867,50.0873],[20.0285,50.08692],[20.02889,50.08588],[20.02863,50.08584],[20.02898,50.08487],[20.0299,50.08423],[20.03067,50.08468],[20.0319,50.08452],[20.0335,50.08333],[20.0331,50.08301],[20.03374,50.08251],[20.03273,50.08193],[20.02895,50.08463],[20.02737,50.08857],[20.02625,50.08951],[20.02163,50.09063],[20.01764,50.09126],[20.01665,50.09172],[20.01376,50.09378],[20.01607,50.095],[20.01746,50.0954],[20.01897,50.09554],[20.02069,50.09526],[20.02667,50.09349],[20.02666,50.09287],[20.02617,50.09283],[20.02735,50.09051],[20.02694,50.09044],[20.02713,50.09011]]]}},{"type":"Feature","properties":{"nr":"337","dzielnica":"Dzielnica XVI"},"geometry":{"type":"Polygon","coordinates":[[[20.02604,50.08961],[20.02566,50.08914],[20.02507,50.08932],[20.02466,50.0886],[20.023,50.08907],[20.02236,50.0877],[20.02053,50.08801],[20.02163,50.09063],[20.02604,50.08961]]]}},{"type":"Feature","properties":{"nr":"338","dzielnica":"Dzielnica XVI"},"geometry":{"type":"Polygon","coordinates":[[[20.02258,50.08819],[20.023,50.08907],[20.02466,50.0886],[20.02507,50.08932],[20.02566,50.08914],[20.02604,50.08961],[20.02737,50.08857],[20.02819,50.08638],[20.02739,50.08633],[20.02685,50.08708],[20.02713,50.08722],[20.0268,50.08749],[20.02569,50.08695],[20.0239,50.08787],[20.02258,50.08819]]]}},{"type":"Feature","properties":{"nr":"339","dzielnica":"Dzielnica XVI"},"geometry":{"type":"Polygon","coordinates":[[[20.02182,50.08385],[20.02351,50.08557],[20.02565,50.08589],[20.02636,50.0854],[20.02653,50.08379],[20.02499,50.08359],[20.02333,50.0827],[20.02182,50.08385]]]}},{"type":"Feature","properties":{"nr":"340","dzielnica":"Dzielnica XVI"},"geometry":{"type":"Polygon","coordinates":[[[20.0234,50.08802],[20.02569,50.08695],[20.0268,50.08749],[20.02713,50.08722],[20.02685,50.08708],[20.02739,50.08633],[20.02819,50.08638],[20.02895,50.08463],[20.02653,50.08379],[20.02636,50.0854],[20.02565,50.08589],[20.02351,50.08557],[20.02182,50.08385],[20.02121,50.08422],[20.02171,50.08457],[20.02081,50.08513],[20.02143,50.08603],[20.02232,50.08588],[20.02497,50.08635],[20.02316,50.08756],[20.02236,50.0877],[20.02258,50.08819],[20.0234,50.08802]]]}},{"type":"Feature","properties":{"nr":"341","dzielnica":"Dzielnica XVI"},"geometry":{"type":"Polygon","coordinates":[[[20.02236,50.0877],[20.02316,50.08756],[20.02497,50.08635],[20.02232,50.08588],[20.02143,50.08603],[20.02081,50.08513],[20.02171,50.08457],[20.02121,50.08422],[20.01925,50.08497],[20.02053,50.08801],[20.02236,50.0877]]]}},{"type":"Feature","properties":{"nr":"342","dzielnica":"Dzielnica XVI"},"geometry":{"type":"Polygon","coordinates":[[[20.01749,50.08796],[20.0203,50.08747],[20.01925,50.08497],[20.01351,50.08591],[20.01457,50.08847],[20.01749,50.08796]]]}},{"type":"Feature","properties":{"nr":"343","dzielnica":"Dzielnica XVI"},"geometry":{"type":"Polygon","coordinates":[[[20.01457,50.08847],[20.01736,50.09136],[20.02163,50.09063],[20.0203,50.08747],[20.01457,50.08847]]]}},{"type":"Feature","properties":{"nr":"344","dzielnica":"Dzielnica XVI"},"geometry":{"type":"Polygon","coordinates":[[[20.01119,50.08605],[20.01204,50.08806],[20.01413,50.08873],[20.01411,50.08896],[20.01496,50.08896],[20.0144,50.08814],[20.01342,50.08568],[20.01119,50.08605]]]}},{"type":"Feature","properties":{"nr":"345","dzielnica":"Dzielnica XVI"},"geometry":{"type":"Polygon","coordinates":[[[20.01569,50.0924],[20.01736,50.09136],[20.01496,50.08896],[20.01172,50.08894],[20.01119,50.08933],[20.01422,50.09112],[20.01309,50.09188],[20.01423,50.09253],[20.01445,50.09285],[20.01493,50.09294],[20.01569,50.0924]]]}},{"type":"Feature","properties":{"nr":"346","dzielnica":"Dzielnica XVI"},"geometry":{"type":"Polygon","coordinates":[[[20.01493,50.09294],[20.01445,50.09285],[20.01423,50.09253],[20.01309,50.09188],[20.01422,50.09112],[20.01119,50.08933],[20.00901,50.09095],[20.01376,50.09378],[20.01493,50.09294]]]}},{"type":"Feature","properties":{"nr":"347","dzielnica":"Dzielnica XVI"},"geometry":{"type":"Polygon","coordinates":[[[20.00345,50.0881],[20.00482,50.08854],[20.00901,50.09095],[20.01172,50.08894],[20.01004,50.08841],[20.00921,50.08639],[20.00716,50.08677],[20.00374,50.08775],[20.00345,50.0881]]]}},{"type":"Feature","properties":{"nr":"348","dzielnica":"Dzielnica XVI"},"geometry":{"type":"Polygon","coordinates":[[[20.00921,50.08639],[20.01004,50.08841],[20.01172,50.08894],[20.01411,50.08896],[20.01413,50.08873],[20.01204,50.08806],[20.01119,50.08605],[20.00921,50.08639]]]}},{"type":"Feature","properties":{"nr":"349","dzielnica":"Dzielnica XVI"},"geometry":{"type":"Polygon","coordinates":[[[20.01643,50.08543],[20.01925,50.08497],[20.01564,50.08171],[20.01183,50.08285],[20.01351,50.08591],[20.01643,50.08543]]]}},{"type":"Feature","properties":{"nr":"350","dzielnica":"Dzielnica XVI"},"geometry":{"type":"Polygon","coordinates":[[[20.01761,50.08348],[20.01925,50.08497],[20.02134,50.08416],[20.02284,50.08307],[20.02147,50.08234],[20.02064,50.08228],[20.01849,50.083],[20.01761,50.08348]]]}},{"type":"Feature","properties":{"nr":"351","dzielnica":"Dzielnica XVI"},"geometry":{"type":"Polygon","coordinates":[[[20.01564,50.08171],[20.01761,50.08348],[20.01849,50.083],[20.02064,50.08228],[20.02009,50.08167],[20.01977,50.08178],[20.01898,50.08093],[20.01701,50.08163],[20.01564,50.08171]]]}},{"type":"Feature","properties":{"nr":"352","dzielnica":"Dzielnica XVI"},"geometry":{"type":"Polygon","coordinates":[[[20.01565,50.07936],[20.01592,50.07981],[20.01574,50.07995],[20.01571,50.08095],[20.01589,50.08161],[20.01701,50.08163],[20.01898,50.08093],[20.01927,50.08124],[20.01956,50.08114],[20.02026,50.08141],[20.02055,50.08116],[20.0193,50.07815],[20.01616,50.07889],[20.01587,50.07893],[20.01578,50.07861],[20.01524,50.07868],[20.01565,50.07936]]]}},{"type":"Feature","properties":{"nr":"353","dzielnica":"Dzielnica XVI"},"geometry":{"type":"Polygon","coordinates":[[[20.01927,50.08124],[20.01977,50.08178],[20.02009,50.08167],[20.02064,50.08228],[20.02147,50.08234],[20.02284,50.08307],[20.02557,50.08098],[20.02242,50.08071],[20.02161,50.08092],[20.02137,50.08045],[20.02018,50.08035],[20.02055,50.08116],[20.02026,50.08141],[20.01956,50.08114],[20.01927,50.08124]]]}},{"type":"Feature","properties":{"nr":"354","dzielnica":"Dzielnica XVI"},"geometry":{"type":"Polygon","coordinates":[[[20.0193,50.07815],[20.02018,50.08035],[20.02137,50.08045],[20.02161,50.08092],[20.02242,50.08071],[20.02557,50.08098],[20.02669,50.08012],[20.02641,50.07998],[20.02649,50.07971],[20.02571,50.07879],[20.02184,50.07668],[20.02189,50.0768],[20.02093,50.07719],[20.01913,50.07768],[20.0193,50.07815]]]}},{"type":"Feature","properties":{"nr":"355","dzielnica":"Dzielnica XVI"},"geometry":{"type":"Polygon","coordinates":[[[20.02851,50.08306],[20.02791,50.08284],[20.02849,50.08201],[20.02643,50.08185],[20.02535,50.08115],[20.02333,50.0827],[20.02499,50.08359],[20.02653,50.08379],[20.02776,50.08422],[20.02851,50.08306]]]}},{"type":"Feature","properties":{"nr":"356","dzielnica":"Dzielnica XVI"},"geometry":{"type":"Polygon","coordinates":[[[20.03095,50.08321],[20.03273,50.08193],[20.03107,50.08107],[20.02979,50.08262],[20.02947,50.08245],[20.02894,50.08322],[20.02851,50.08306],[20.02776,50.08422],[20.02895,50.08463],[20.03095,50.08321]]]}},{"type":"Feature","properties":{"nr":"357","dzielnica":"Dzielnica XVI"},"geometry":{"type":"Polygon","coordinates":[[[20.02947,50.08245],[20.02979,50.08262],[20.03107,50.08107],[20.02858,50.07973],[20.02809,50.08033],[20.02669,50.08012],[20.02535,50.08115],[20.02643,50.08185],[20.02849,50.08201],[20.02791,50.08284],[20.02894,50.08322],[20.02947,50.08245]]]}},{"type":"Feature","properties":{"nr":"358","dzielnica":"Dzielnica XVI"},"geometry":{"type":"Polygon","coordinates":[[[20.02725,50.09339],[20.02932,50.09335],[20.02965,50.0921],[20.03047,50.09105],[20.03048,50.09044],[20.03084,50.09029],[20.03134,50.08777],[20.0312,50.08712],[20.02981,50.08724],[20.03002,50.08659],[20.02949,50.08653],[20.0301,50.08539],[20.03266,50.08563],[20.035,50.08513],[20.03724,50.08533],[20.03825,50.085],[20.03374,50.08251],[20.0331,50.08301],[20.0335,50.08333],[20.0319,50.08452],[20.03067,50.08468],[20.0299,50.08423],[20.02924,50.08464],[20.02881,50.08517],[20.02863,50.08584],[20.02889,50.08588],[20.0285,50.08692],[20.02867,50.0873],[20.02798,50.08958],[20.02837,50.08965],[20.02812,50.09018],[20.02757,50.09009],[20.02783,50.08951],[20.02755,50.08945],[20.02694,50.09044],[20.02735,50.09051],[20.02617,50.09283],[20.02666,50.09287],[20.02667,50.09349],[20.02725,50.09339]]]}},{"type":"Feature","properties":{"nr":"359","dzielnica":"Dzielnica XVI"},"geometry":{"type":"Polygon","coordinates":[[[20.03266,50.09083],[20.03829,50.08933],[20.04498,50.08961],[20.04724,50.08875],[20.04685,50.08745],[20.04685,50.08684],[20.04737,50.08579],[20.04761,50.0858],[20.0474,50.08572],[20.0476,50.08551],[20.04755,50.08508],[20.04776,50.08462],[20.0487,50.08379],[20.04944,50.08352],[20.05365,50.08364],[20.05377,50.08345],[20.0534,50.08274],[20.05343,50.08155],[20.05305,50.08106],[20.05596,50.07877],[20.05633,50.07823],[20.05649,50.07745],[20.05235,50.07642],[20.05022,50.07972],[20.04966,50.0802],[20.04353,50.08278],[20.04067,50.08341],[20.03839,50.08505],[20.03724,50.08533],[20.035,50.08513],[20.03266,50.08563],[20.0301,50.08539],[20.02949,50.08653],[20.03002,50.08659],[20.02981,50.08724],[20.0312,50.08712],[20.03134,50.08777],[20.03084,50.09029],[20.03048,50.09044],[20.03047,50.09105],[20.03121,50.09111],[20.03266,50.09083]]]}},{"type":"Feature","properties":{"nr":"360","dzielnica":"Dzielnica XVII"},"geometry":{"type":"Polygon","coordinates":[[[20.05691,50.0991],[20.05579,50.09801],[20.05503,50.09812],[20.05415,50.09757],[20.05316,50.098],[20.05212,50.09804],[20.05211,50.09871],[20.04414,50.09848],[20.04467,50.09729],[20.04542,50.09686],[20.04921,50.09768],[20.04937,50.09634],[20.04991,50.09573],[20.05061,50.09578],[20.05066,50.09545],[20.05109,50.095],[20.05216,50.09454],[20.04958,50.09151],[20.04687,50.09205],[20.04688,50.09155],[20.03646,50.09412],[20.03497,50.09339],[20.035,50.09391],[20.03612,50.0946],[20.03507,50.0953],[20.03338,50.09697],[20.03652,50.09809],[20.06003,50.10332],[20.06083,50.1026],[20.06038,50.10248],[20.06021,50.10202],[20.05972,50.10181],[20.05691,50.0991]]]}},{"type":"Feature","properties":{"nr":"361","dzielnica":"Dzielnica XVII"},"geometry":{"type":"Polygon","coordinates":[[[20.05211,50.09871],[20.05212,50.09804],[20.05316,50.098],[20.05415,50.09757],[20.05503,50.09812],[20.05579,50.09801],[20.05369,50.09579],[20.05369,50.09525],[20.05216,50.09454],[20.05109,50.095],[20.05066,50.09545],[20.05061,50.09578],[20.04991,50.09573],[20.04937,50.09634],[20.04921,50.09768],[20.04542,50.09686],[20.04467,50.09729],[20.04414,50.09848],[20.05211,50.09871]]]}},{"type":"Feature","properties":{"nr":"362","dzielnica":"Dzielnica XVII"},"geometry":{"type":"Polygon","coordinates":[[[20.05914,50.099],[20.06015,50.09825],[20.05922,50.09748],[20.05938,50.09711],[20.0583,50.09673],[20.0572,50.09482],[20.0558,50.09464],[20.05514,50.09432],[20.05369,50.09525],[20.05369,50.09579],[20.05691,50.0991],[20.05914,50.099]]]}},{"type":"Feature","properties":{"nr":"363","dzielnica":"Dzielnica XVII"},"geometry":{"type":"Polygon","coordinates":[[[20.04688,50.09155],[20.04687,50.09205],[20.04958,50.09151],[20.05216,50.09454],[20.05369,50.09525],[20.05514,50.09432],[20.0558,50.09464],[20.05695,50.09468],[20.05733,50.09492],[20.0583,50.09673],[20.05938,50.09711],[20.05973,50.09446],[20.05649,50.09309],[20.05805,50.09091],[20.05985,50.09027],[20.0617,50.09012],[20.05949,50.08979],[20.0588,50.08832],[20.05329,50.0902],[20.04936,50.09062],[20.04883,50.09028],[20.04876,50.09067],[20.04697,50.09099],[20.04688,50.09155]]]}},{"type":"Feature","properties":{"nr":"364","dzielnica":"Dzielnica XVII"},"geometry":{"type":"Polygon","coordinates":[[[20.06372,50.09583],[20.06508,50.09532],[20.06399,50.09417],[20.06118,50.09236],[20.05796,50.09102],[20.05649,50.09309],[20.06104,50.09518],[20.06162,50.09529],[20.06168,50.09549],[20.06236,50.09551],[20.0624,50.0953],[20.06268,50.09533],[20.06341,50.09598],[20.06372,50.09583]]]}},{"type":"Feature","properties":{"nr":"365","dzielnica":"Dzielnica XVII"},"geometry":{"type":"Polygon","coordinates":[[[20.06582,50.09627],[20.06508,50.09532],[20.06341,50.09598],[20.06285,50.0954],[20.0624,50.0953],[20.06236,50.09551],[20.06168,50.09549],[20.06162,50.09529],[20.06104,50.09518],[20.05973,50.09446],[20.05922,50.09748],[20.06015,50.09825],[20.05914,50.099],[20.05691,50.0991],[20.05972,50.10181],[20.06021,50.10202],[20.06038,50.10248],[20.06083,50.1026],[20.06003,50.10332],[20.06124,50.10392],[20.06235,50.10417],[20.06272,50.10368],[20.06213,50.10331],[20.06383,50.10214],[20.06524,50.10078],[20.0648,50.10025],[20.06656,50.09932],[20.06511,50.09821],[20.06484,50.09754],[20.06477,50.09708],[20.06591,50.09691],[20.06582,50.09627]]]}},{"type":"Feature","properties":{"nr":"366","dzielnica":"Dzielnica XVII"},"geometry":{"type":"Polygon","coordinates":[[[20.03412,50.10284],[20.03327,50.1043],[20.03668,50.10495],[20.03753,50.10522],[20.03773,50.10546],[20.03753,50.10575],[20.03708,50.10564],[20.03629,50.10595],[20.03556,50.10586],[20.03411,50.10848],[20.0358,50.10862],[20.03523,50.10999],[20.03601,50.11017],[20.03612,50.11062],[20.03694,50.11133],[20.03716,50.11188],[20.03701,50.11266],[20.03855,50.11315],[20.04192,50.11349],[20.04211,50.11289],[20.04264,50.11221],[20.04469,50.11033],[20.04546,50.11116],[20.04695,50.10932],[20.04752,50.10957],[20.04882,50.10962],[20.05046,50.108],[20.05063,50.10741],[20.05319,50.10444],[20.05582,50.10239],[20.03652,50.09809],[20.03338,50.09697],[20.03507,50.0953],[20.03612,50.0946],[20.035,50.09391],[20.03479,50.09402],[20.03366,50.09349],[20.02963,50.09335],[20.02988,50.09357],[20.03074,50.09368],[20.03149,50.0942],[20.03271,50.09468],[20.03204,50.09577],[20.03213,50.09621],[20.03167,50.09661],[20.03155,50.09711],[20.03113,50.09767],[20.03019,50.09775],[20.02969,50.09836],[20.02986,50.0988],[20.03064,50.09936],[20.0319,50.09941],[20.03245,50.09981],[20.03398,50.10187],[20.03455,50.10212],[20.03462,50.10228],[20.03412,50.10284]]]}},{"type":"Feature","properties":{"nr":"367","dzielnica":"Dzielnica XVII"},"geometry":{"type":"Polygon","coordinates":[[[20.06562,50.09864],[20.06656,50.09932],[20.0648,50.10025],[20.06524,50.10078],[20.06383,50.10214],[20.06213,50.10331],[20.06272,50.10368],[20.06247,50.10406],[20.06983,50.104],[20.07324,50.10603],[20.07291,50.10767],[20.07303,50.10782],[20.0728,50.10807],[20.07358,50.10849],[20.07403,50.10809],[20.07622,50.10919],[20.07728,50.10822],[20.07827,50.1083],[20.08178,50.10958],[20.08372,50.10981],[20.08416,50.11022],[20.08436,50.11123],[20.08533,50.11153],[20.08795,50.1114],[20.08816,50.11346],[20.09023,50.11374],[20.09412,50.11479],[20.09514,50.10933],[20.09912,50.10222],[20.09344,50.10147],[20.08778,50.10046],[20.08861,50.09838],[20.08655,50.09814],[20.08379,50.09748],[20.0832,50.09673],[20.08162,50.09608],[20.07945,50.09551],[20.07779,50.09473],[20.07453,50.0923],[20.07235,50.09139],[20.06648,50.09039],[20.06357,50.09013],[20.06061,50.09014],[20.05805,50.09091],[20.05796,50.09102],[20.06118,50.09236],[20.06424,50.09439],[20.06582,50.09627],[20.06591,50.09691],[20.06477,50.09708],[20.06511,50.09821],[20.06562,50.09864]]]}},{"type":"Feature","properties":{"nr":"368","dzielnica":"Dzielnica XVII"},"geometry":{"type":"Polygon","coordinates":[[[20.10989,50.11659],[20.11135,50.1165],[20.1114,50.1169],[20.11484,50.11699],[20.11726,50.11678],[20.11795,50.11628],[20.11856,50.11677],[20.11998,50.11646],[20.12024,50.11571],[20.12084,50.10846],[20.12276,50.1085],[20.12757,50.10737],[20.13171,50.10683],[20.13549,50.10688],[20.13788,50.10676],[20.13794,50.10657],[20.14311,50.10647],[20.14384,50.10926],[20.14466,50.11146],[20.14633,50.11374],[20.14688,50.11434],[20.15174,50.11722],[20.15246,50.1179],[20.15301,50.11882],[20.15434,50.11946],[20.15698,50.1182],[20.15849,50.11552],[20.15838,50.11533],[20.15882,50.115],[20.15856,50.11481],[20.1588,50.11416],[20.15892,50.11211],[20.15925,50.11159],[20.16087,50.11066],[20.16007,50.11002],[20.15749,50.10705],[20.15764,50.10701],[20.15659,50.10334],[20.15678,50.1033],[20.15605,50.101],[20.15697,50.10096],[20.15688,50.1004],[20.15591,50.1004],[20.15589,50.09998],[20.15425,50.09997],[20.15418,50.09885],[20.15471,50.09692],[20.15435,50.0946],[20.14568,50.09304],[20.13747,50.09186],[20.13489,50.09162],[20.13319,50.09262],[20.13332,50.09245],[20.13322,50.0922],[20.13122,50.09148],[20.12666,50.09071],[20.12476,50.09345],[20.11731,50.09229],[20.10887,50.0935],[20.10844,50.09423],[20.10524,50.09662],[20.09912,50.10222],[20.09514,50.10933],[20.09412,50.11479],[20.09422,50.1163],[20.09617,50.11901],[20.09613,50.11931],[20.10825,50.11675],[20.10989,50.11659]]]}},{"type":"Feature","properties":{"nr":"369","dzielnica":"Dzielnica XVII"},"geometry":{"type":"Polygon","coordinates":[[[20.11534,50.09258],[20.11731,50.09229],[20.12476,50.09345],[20.12666,50.09071],[20.12516,50.09005],[20.11976,50.0892],[20.11976,50.08904],[20.11632,50.08861],[20.11663,50.08767],[20.1156,50.08753],[20.11245,50.08794],[20.11006,50.08891],[20.1073,50.08965],[20.09324,50.09228],[20.08966,50.0923],[20.08505,50.09172],[20.08545,50.09068],[20.08399,50.08934],[20.08375,50.08943],[20.08349,50.08917],[20.08208,50.08872],[20.06641,50.08124],[20.06582,50.08183],[20.06568,50.08375],[20.06062,50.08359],[20.06053,50.08471],[20.06196,50.08476],[20.06172,50.08778],[20.0588,50.08832],[20.05949,50.08979],[20.0617,50.09012],[20.06648,50.09039],[20.07235,50.09139],[20.07323,50.09171],[20.07453,50.0923],[20.07779,50.09473],[20.07945,50.09551],[20.08162,50.09608],[20.0832,50.09673],[20.08379,50.09748],[20.08655,50.09814],[20.08861,50.09838],[20.08778,50.10046],[20.09344,50.10147],[20.09912,50.10222],[20.10524,50.09662],[20.10844,50.09423],[20.10887,50.0935],[20.11534,50.09258]]]}},{"type":"Feature","properties":{"nr":"370","dzielnica":"Dzielnica XVII"},"geometry":{"type":"Polygon","coordinates":[[[20.03815,50.09361],[20.04688,50.09155],[20.04697,50.09099],[20.04876,50.09067],[20.04883,50.09028],[20.04936,50.09062],[20.05329,50.0902],[20.0588,50.08832],[20.06172,50.08778],[20.06196,50.08476],[20.06053,50.08471],[20.06062,50.08359],[20.06568,50.08375],[20.06582,50.08183],[20.06641,50.08124],[20.06617,50.08057],[20.06617,50.07962],[20.06287,50.07915],[20.05649,50.07745],[20.05633,50.07823],[20.05596,50.07877],[20.05305,50.08106],[20.05343,50.08155],[20.0534,50.08274],[20.05377,50.08345],[20.05365,50.08364],[20.04944,50.08352],[20.0487,50.08379],[20.04776,50.08462],[20.04755,50.08508],[20.0476,50.08551],[20.0474,50.08572],[20.04761,50.0858],[20.04737,50.08579],[20.04685,50.08684],[20.04685,50.08745],[20.04724,50.08875],[20.04498,50.08961],[20.03829,50.08933],[20.03266,50.09083],[20.03121,50.09111],[20.03047,50.09105],[20.02965,50.0921],[20.02932,50.09329],[20.03366,50.09349],[20.03479,50.09402],[20.035,50.09391],[20.03497,50.09339],[20.03646,50.09412],[20.03815,50.09361]]]}},{"type":"Feature","properties":{"nr":"371","dzielnica":"Dzielnica XVIII"},"geometry":{"type":"Polygon","coordinates":[[[20.04841,50.07677],[20.0491,50.07694],[20.04885,50.07736],[20.0495,50.07751],[20.04986,50.07698],[20.05167,50.07746],[20.05235,50.07642],[20.0523,50.07614],[20.0469,50.07471],[20.046,50.07612],[20.04841,50.07677]]]}},{"type":"Feature","properties":{"nr":"372","dzielnica":"Dzielnica XVIII"},"geometry":{"type":"Polygon","coordinates":[[[20.04841,50.07677],[20.046,50.07612],[20.04463,50.07822],[20.04764,50.08106],[20.05005,50.0799],[20.05167,50.07746],[20.04986,50.07698],[20.0495,50.07751],[20.04885,50.07736],[20.0491,50.07694],[20.04841,50.07677]]]}},{"type":"Feature","properties":{"nr":"373","dzielnica":"Dzielnica XVIII"},"geometry":{"type":"Polygon","coordinates":[[[20.03826,50.07491],[20.03883,50.07667],[20.04258,50.07619],[20.04549,50.07692],[20.0469,50.07471],[20.04247,50.07354],[20.04188,50.07443],[20.03826,50.07491]]]}},{"type":"Feature","properties":{"nr":"374","dzielnica":"Dzielnica XVIII"},"geometry":{"type":"Polygon","coordinates":[[[20.03738,50.07219],[20.03826,50.07491],[20.04188,50.07443],[20.04247,50.07354],[20.03738,50.07219]]]}},{"type":"Feature","properties":{"nr":"375","dzielnica":"Dzielnica XVIII"},"geometry":{"type":"Polygon","coordinates":[[[20.03883,50.07667],[20.03954,50.07892],[20.04463,50.07822],[20.04549,50.07692],[20.04258,50.07619],[20.03883,50.07667]]]}},{"type":"Feature","properties":{"nr":"376","dzielnica":"Dzielnica XVIII"},"geometry":{"type":"Polygon","coordinates":[[[20.03954,50.07892],[20.04029,50.08122],[20.04341,50.08077],[20.04609,50.07962],[20.04463,50.07822],[20.03954,50.07892]]]}},{"type":"Feature","properties":{"nr":"377","dzielnica":"Dzielnica XVIII"},"geometry":{"type":"Polygon","coordinates":[[[20.04764,50.08106],[20.04609,50.07962],[20.04341,50.08077],[20.04029,50.08122],[20.04118,50.08327],[20.04353,50.08278],[20.04764,50.08106]]]}},{"type":"Feature","properties":{"nr":"378","dzielnica":"Dzielnica XVIII"},"geometry":{"type":"Polygon","coordinates":[[[20.03556,50.08132],[20.0351,50.08177],[20.03729,50.08299],[20.0362,50.08389],[20.03839,50.08505],[20.04033,50.0836],[20.04118,50.08327],[20.04029,50.08122],[20.03636,50.08174],[20.03556,50.08132]]]}},{"type":"Feature","properties":{"nr":"379","dzielnica":"Dzielnica XVIII"},"geometry":{"type":"Polygon","coordinates":[[[20.03273,50.08193],[20.0362,50.08389],[20.03729,50.08299],[20.0351,50.08177],[20.03556,50.08132],[20.03435,50.08068],[20.03273,50.08193]]]}},{"type":"Feature","properties":{"nr":"380","dzielnica":"Dzielnica XVIII"},"geometry":{"type":"Polygon","coordinates":[[[20.03435,50.08068],[20.03636,50.08174],[20.04029,50.08122],[20.03954,50.07892],[20.03604,50.07938],[20.03435,50.08068]]]}},{"type":"Feature","properties":{"nr":"381","dzielnica":"Dzielnica XVIII"},"geometry":{"type":"Polygon","coordinates":[[[20.03352,50.07801],[20.03604,50.07938],[20.03954,50.07892],[20.03883,50.07667],[20.03467,50.07722],[20.03352,50.07801]]]}},{"type":"Feature","properties":{"nr":"382","dzielnica":"Dzielnica XVIII"},"geometry":{"type":"Polygon","coordinates":[[[20.02938,50.07807],[20.03187,50.07942],[20.03155,50.07966],[20.03207,50.07993],[20.03158,50.08033],[20.03207,50.0806],[20.03264,50.08015],[20.03405,50.08091],[20.03604,50.07938],[20.03113,50.07673],[20.02938,50.07807]]]}},{"type":"Feature","properties":{"nr":"383","dzielnica":"Dzielnica XVIII"},"geometry":{"type":"Polygon","coordinates":[[[20.02669,50.08012],[20.02809,50.08033],[20.02858,50.07973],[20.03273,50.08193],[20.03405,50.08091],[20.03264,50.08015],[20.03207,50.0806],[20.03158,50.08033],[20.03207,50.07993],[20.03155,50.07966],[20.03187,50.07942],[20.02938,50.07807],[20.02669,50.08012]]]}},{"type":"Feature","properties":{"nr":"384","dzielnica":"Dzielnica XVIII"},"geometry":{"type":"Polygon","coordinates":[[[20.02281,50.07721],[20.02581,50.07886],[20.02649,50.07971],[20.02641,50.07998],[20.02669,50.08012],[20.03113,50.07673],[20.03034,50.07628],[20.03003,50.07585],[20.02592,50.07649],[20.02281,50.07721]]]}},{"type":"Feature","properties":{"nr":"385","dzielnica":"Dzielnica XVIII"},"geometry":{"type":"Polygon","coordinates":[[[20.02592,50.07649],[20.02492,50.07498],[20.02517,50.07487],[20.02476,50.07369],[20.02557,50.07371],[20.02531,50.07288],[20.02452,50.07297],[20.02439,50.0726],[20.01939,50.07298],[20.0182,50.07286],[20.01768,50.07256],[20.01659,50.07266],[20.01614,50.07318],[20.01629,50.07394],[20.01862,50.07486],[20.02281,50.07721],[20.02592,50.07649]]]}},{"type":"Feature","properties":{"nr":"386","dzielnica":"Dzielnica XVIII"},"geometry":{"type":"Polygon","coordinates":[[[20.02439,50.0726],[20.02452,50.07297],[20.02531,50.07288],[20.02557,50.07371],[20.02476,50.07369],[20.02517,50.07487],[20.02492,50.07498],[20.02592,50.07649],[20.03003,50.07585],[20.02906,50.07208],[20.02439,50.0726]]]}},{"type":"Feature","properties":{"nr":"387","dzielnica":"Dzielnica XVIII"},"geometry":{"type":"Polygon","coordinates":[[[20.02917,50.07227],[20.03003,50.07585],[20.03034,50.07628],[20.03113,50.07673],[20.03373,50.0748],[20.03213,50.07197],[20.02917,50.07227]]]}},{"type":"Feature","properties":{"nr":"388","dzielnica":"Dzielnica XVIII"},"geometry":{"type":"Polygon","coordinates":[[[20.03213,50.07197],[20.03373,50.0748],[20.03738,50.07219],[20.03717,50.07154],[20.03213,50.07197]]]}},{"type":"Feature","properties":{"nr":"389","dzielnica":"Dzielnica XVIII"},"geometry":{"type":"Polygon","coordinates":[[[20.03113,50.07673],[20.03352,50.07801],[20.03467,50.07722],[20.03883,50.07667],[20.03826,50.07491],[20.03246,50.07571],[20.03113,50.07673]]]}},{"type":"Feature","properties":{"nr":"390","dzielnica":"Dzielnica XVIII"},"geometry":{"type":"Polygon","coordinates":[[[20.03246,50.07571],[20.03826,50.07491],[20.03738,50.07219],[20.03246,50.07571]]]}},{"type":"Feature","properties":{"nr":"391","dzielnica":"Dzielnica XVIII"},"geometry":{"type":"Polygon","coordinates":[[[20.03717,50.07154],[20.03738,50.07219],[20.04247,50.07354],[20.04303,50.07267],[20.04205,50.07043],[20.03717,50.07154]]]}},{"type":"Feature","properties":{"nr":"392","dzielnica":"Dzielnica XVIII"},"geometry":{"type":"Polygon","coordinates":[[[20.03213,50.07197],[20.03785,50.07146],[20.04205,50.07043],[20.04062,50.06317],[20.03533,50.06436],[20.03553,50.06397],[20.03326,50.06429],[20.03252,50.06461],[20.03145,50.06477],[20.02952,50.06597],[20.02902,50.06607],[20.02922,50.06719],[20.02896,50.06792],[20.03089,50.06975],[20.02955,50.0701],[20.02872,50.071],[20.02918,50.07184],[20.02922,50.07203],[20.02906,50.07208],[20.02917,50.07227],[20.03213,50.07197]]]}},{"type":"Feature","properties":{"nr":"393","dzielnica":"Dzielnica XVIII"},"geometry":{"type":"Polygon","coordinates":[[[20.0458,50.06975],[20.04521,50.06835],[20.04762,50.06787],[20.04705,50.0664],[20.04905,50.06612],[20.04964,50.06724],[20.05128,50.06695],[20.05119,50.0661],[20.05215,50.06609],[20.05215,50.06581],[20.05147,50.0658],[20.05095,50.0641],[20.05039,50.06308],[20.04928,50.06323],[20.04711,50.06287],[20.04743,50.06225],[20.04505,50.06309],[20.04313,50.06328],[20.04064,50.06323],[20.04205,50.07043],[20.0458,50.06975]]]}},{"type":"Feature","properties":{"nr":"394","dzielnica":"Dzielnica XVIII"},"geometry":{"type":"Polygon","coordinates":[[[20.05029,50.06712],[20.04964,50.06724],[20.04905,50.06612],[20.04705,50.0664],[20.04762,50.06787],[20.04521,50.06835],[20.0458,50.06975],[20.05195,50.06864],[20.05128,50.06695],[20.05029,50.06712]]]}},{"type":"Feature","properties":{"nr":"395","dzielnica":"Dzielnica XVIII"},"geometry":{"type":"Polygon","coordinates":[[[20.04205,50.07043],[20.04303,50.07267],[20.04355,50.07235],[20.04668,50.07177],[20.0458,50.06975],[20.04205,50.07043]]]}},{"type":"Feature","properties":{"nr":"396","dzielnica":"Dzielnica XVIII"},"geometry":{"type":"Polygon","coordinates":[[[20.04247,50.07354],[20.0469,50.07471],[20.04753,50.07377],[20.04809,50.07368],[20.04692,50.07328],[20.0463,50.07184],[20.04355,50.07235],[20.04303,50.07267],[20.04247,50.07354]]]}},{"type":"Feature","properties":{"nr":"397","dzielnica":"Dzielnica XVIII"},"geometry":{"type":"Polygon","coordinates":[[[20.0458,50.06975],[20.04668,50.07177],[20.05334,50.07075],[20.05259,50.06853],[20.0458,50.06975]]]}},{"type":"Feature","properties":{"nr":"398","dzielnica":"Dzielnica XVIII"},"geometry":{"type":"Polygon","coordinates":[[[20.05394,50.07262],[20.05407,50.07327],[20.05599,50.07306],[20.05541,50.07047],[20.05111,50.07114],[20.05104,50.071],[20.0463,50.07184],[20.04692,50.07328],[20.04809,50.07368],[20.05394,50.07262]]]}},{"type":"Feature","properties":{"nr":"399","dzielnica":"Dzielnica XVIII"},"geometry":{"type":"Polygon","coordinates":[[[20.0469,50.07471],[20.0523,50.07614],[20.05393,50.07365],[20.05407,50.07327],[20.05394,50.07262],[20.04753,50.07377],[20.0469,50.07471]]]}},{"type":"Feature","properties":{"nr":"400","dzielnica":"Dzielnica XVIII"},"geometry":{"type":"Polygon","coordinates":[[[20.11642,50.07801],[20.1135,50.07665],[20.07003,50.07512],[20.06917,50.06704],[20.08359,50.06348],[20.08423,50.05914],[20.08431,50.05283],[20.06898,50.05054],[20.05995,50.05047],[20.05724,50.05076],[20.05512,50.05134],[20.05135,50.052],[20.04834,50.05191],[20.04798,50.05267],[20.04745,50.05283],[20.04754,50.05347],[20.04243,50.05384],[20.03617,50.05628],[20.03704,50.05709],[20.03729,50.05775],[20.0375,50.05769],[20.03933,50.05865],[20.03841,50.05894],[20.04062,50.05995],[20.04163,50.05998],[20.04213,50.06145],[20.04146,50.06155],[20.04159,50.06235],[20.04033,50.06242],[20.04064,50.06323],[20.04313,50.06328],[20.04505,50.06309],[20.04743,50.06225],[20.04711,50.06287],[20.04928,50.06323],[20.05039,50.06308],[20.05095,50.0641],[20.05147,50.0658],[20.05215,50.06581],[20.05215,50.06609],[20.05119,50.0661],[20.05129,50.06703],[20.05195,50.06864],[20.05259,50.06853],[20.05334,50.07075],[20.05541,50.07047],[20.05599,50.07306],[20.05407,50.07327],[20.0523,50.07614],[20.05235,50.07642],[20.06287,50.07915],[20.06612,50.07958],[20.06626,50.08094],[20.06663,50.08139],[20.08208,50.08872],[20.08425,50.0895],[20.08545,50.09068],[20.08505,50.09172],[20.08966,50.0923],[20.09324,50.09228],[20.1073,50.08965],[20.11006,50.08891],[20.11245,50.08794],[20.1156,50.08753],[20.11663,50.08767],[20.11632,50.08861],[20.11976,50.08904],[20.11976,50.0892],[20.12516,50.09005],[20.12666,50.09071],[20.11642,50.07801]]]}},{"type":"Feature","properties":{"nr":"401","dzielnica":"Dzielnica XVIII"},"geometry":{"type":"Polygon","coordinates":[[[20.11944,50.07624],[20.12137,50.07429],[20.13087,50.07531],[20.13152,50.07566],[20.13256,50.07549],[20.1378,50.07606],[20.13831,50.07428],[20.13312,50.07405],[20.13093,50.07377],[20.13165,50.0718],[20.12863,50.06743],[20.11834,50.06715],[20.11718,50.06598],[20.11608,50.06535],[20.11504,50.06421],[20.11145,50.05833],[20.1188,50.05719],[20.11977,50.05334],[20.11008,50.05253],[20.11306,50.04267],[20.10686,50.04244],[20.10437,50.04128],[20.10319,50.04118],[20.1007,50.04132],[20.09808,50.0418],[20.09624,50.04258],[20.09506,50.04344],[20.09438,50.04442],[20.09416,50.04532],[20.09441,50.04619],[20.09446,50.04761],[20.09423,50.04832],[20.09345,50.04959],[20.0921,50.051],[20.0902,50.05217],[20.08761,50.05293],[20.08666,50.05306],[20.08431,50.05283],[20.08423,50.05914],[20.08359,50.06348],[20.06917,50.06704],[20.07003,50.07512],[20.1135,50.07665],[20.11648,50.07808],[20.11812,50.07658],[20.11944,50.07624]]]}},{"type":"Feature","properties":{"nr":"402","dzielnica":"Dzielnica XVIII"},"geometry":{"type":"Polygon","coordinates":[[[20.16269,50.05178],[20.16163,50.05011],[20.16057,50.04918],[20.16001,50.04743],[20.16043,50.04552],[20.15939,50.04283],[20.15351,50.04306],[20.15035,50.04366],[20.14228,50.04573],[20.13929,50.04594],[20.13737,50.04564],[20.13496,50.04472],[20.13383,50.04391],[20.13176,50.04188],[20.12947,50.04037],[20.12767,50.03982],[20.1258,50.03969],[20.12279,50.04031],[20.11929,50.04181],[20.11805,50.04216],[20.11576,50.04259],[20.11306,50.04267],[20.11008,50.05253],[20.11977,50.05334],[20.1188,50.05719],[20.11145,50.05833],[20.11504,50.06421],[20.11608,50.06535],[20.11718,50.06598],[20.11834,50.06715],[20.12863,50.06743],[20.13165,50.0718],[20.13093,50.07377],[20.13312,50.07405],[20.14322,50.07453],[20.14382,50.07174],[20.14892,50.06937],[20.14991,50.0643],[20.15279,50.05879],[20.16269,50.05178]]]}},{"type":"Feature","properties":{"nr":"403","dzielnica":"Dzielnica XVIII"},"geometry":{"type":"Polygon","coordinates":[[[20.1652,50.08382],[20.16546,50.08368],[20.16683,50.08152],[20.17043,50.08239],[20.17111,50.08171],[20.1725,50.0817],[20.17329,50.08101],[20.17623,50.08108],[20.1767,50.08099],[20.17749,50.08021],[20.17868,50.08064],[20.17916,50.08024],[20.17966,50.08029],[20.1799,50.07983],[20.17865,50.07968],[20.17893,50.07879],[20.18121,50.07901],[20.18156,50.07153],[20.1836,50.06775],[20.18395,50.06633],[20.17642,50.06251],[20.17503,50.06246],[20.17482,50.06278],[20.17403,50.06321],[20.17097,50.06409],[20.16915,50.06341],[20.16807,50.06202],[20.17334,50.05586],[20.17691,50.0563],[20.1785,50.05505],[20.17481,50.05122],[20.17189,50.04883],[20.16884,50.04757],[20.16816,50.04683],[20.16953,50.04457],[20.16652,50.04384],[20.161,50.04293],[20.15939,50.04283],[20.16043,50.04552],[20.16001,50.04743],[20.16057,50.04918],[20.16163,50.05011],[20.16269,50.05178],[20.15279,50.05879],[20.14991,50.0643],[20.14892,50.06937],[20.14382,50.07174],[20.14322,50.07453],[20.13831,50.07428],[20.1378,50.07606],[20.13256,50.07549],[20.13152,50.07566],[20.13087,50.07531],[20.12137,50.07429],[20.11944,50.07624],[20.11812,50.07658],[20.11648,50.07808],[20.12666,50.09071],[20.13122,50.09148],[20.13322,50.0922],[20.13332,50.09245],[20.13319,50.09262],[20.13489,50.09162],[20.13747,50.09186],[20.14568,50.09304],[20.15434,50.09463],[20.15541,50.09363],[20.15575,50.09213],[20.15969,50.09226],[20.16334,50.09167],[20.1664,50.09084],[20.16815,50.0898],[20.16874,50.08791],[20.16794,50.08431],[20.16534,50.08427],[20.1652,50.08382]]]}},{"type":"Feature","properties":{"nr":"404","dzielnica":"Dzielnica XVIII"},"geometry":{"type":"Polygon","coordinates":[[[20.16106,50.12147],[20.16585,50.12153],[20.16581,50.12051],[20.17239,50.12039],[20.17319,50.11882],[20.17338,50.11908],[20.17422,50.11902],[20.17493,50.11979],[20.17875,50.11835],[20.17981,50.11723],[20.18157,50.11663],[20.18245,50.11784],[20.18535,50.11676],[20.18686,50.11822],[20.18975,50.1178],[20.19024,50.11803],[20.19052,50.11865],[20.19103,50.11905],[20.1925,50.11963],[20.19298,50.11967],[20.19355,50.11922],[20.1946,50.11901],[20.19549,50.11849],[20.19593,50.11869],[20.19625,50.11968],[20.19779,50.11964],[20.19898,50.12057],[20.20029,50.12021],[20.20027,50.12048],[20.20131,50.12047],[20.20145,50.11779],[20.20162,50.11749],[20.20407,50.11767],[20.20477,50.11739],[20.20386,50.11715],[20.20381,50.11638],[20.20398,50.11596],[20.20908,50.11557],[20.20573,50.11231],[20.20502,50.11113],[20.20224,50.11112],[20.20143,50.11065],[20.2009,50.11002],[20.19963,50.10962],[20.19788,50.10851],[20.19613,50.10826],[20.19575,50.10736],[20.19538,50.10697],[20.19506,50.10541],[20.1939,50.10435],[20.19317,50.10336],[20.19221,50.10057],[20.1916,50.09722],[20.19184,50.09556],[20.19157,50.0943],[20.19174,50.09165],[20.19284,50.08782],[20.19233,50.0874],[20.19037,50.08701],[20.18919,50.08645],[20.18493,50.08607],[20.18511,50.08564],[20.18559,50.08537],[20.1885,50.0851],[20.1897,50.08441],[20.19,50.08384],[20.18976,50.08325],[20.18978,50.08235],[20.19035,50.08168],[20.1911,50.0815],[20.1914,50.08111],[20.19051,50.07999],[20.17893,50.07879],[20.17865,50.07968],[20.1799,50.07983],[20.17966,50.08029],[20.17916,50.08024],[20.17868,50.08064],[20.17749,50.08021],[20.17647,50.08105],[20.17329,50.08101],[20.1725,50.0817],[20.17111,50.08171],[20.17043,50.08239],[20.16683,50.08152],[20.16546,50.08368],[20.1652,50.08382],[20.16534,50.08427],[20.16794,50.08431],[20.16874,50.08791],[20.16815,50.0898],[20.1664,50.09084],[20.16334,50.09167],[20.15969,50.09226],[20.15575,50.09213],[20.15541,50.09363],[20.15434,50.09463],[20.15471,50.09692],[20.15418,50.09885],[20.15425,50.09997],[20.15589,50.09998],[20.15591,50.1004],[20.15688,50.1004],[20.15697,50.10096],[20.15605,50.101],[20.15678,50.1033],[20.15659,50.10334],[20.15764,50.10701],[20.15749,50.10705],[20.16007,50.11002],[20.16087,50.11066],[20.15925,50.11159],[20.15897,50.11202],[20.15873,50.11466],[20.15856,50.11481],[20.15882,50.115],[20.15838,50.11533],[20.15849,50.11552],[20.15716,50.11796],[20.15634,50.11857],[20.15638,50.11897],[20.15722,50.11935],[20.15714,50.11948],[20.15734,50.11968],[20.15768,50.11974],[20.1592,50.1208],[20.15906,50.12161],[20.16106,50.12147]]]}},{"type":"Feature","properties":{"nr":"405","dzielnica":"Dzielnica XVIII"},"geometry":{"type":"Polygon","coordinates":[[[20.20428,50.06497],[20.20438,50.06482],[20.20563,50.06517],[20.20636,50.06501],[20.20678,50.06471],[20.21204,50.05792],[20.21306,50.05688],[20.21735,50.05343],[20.21489,50.05192],[20.21282,50.05012],[20.21127,50.04791],[20.2103,50.04581],[20.20889,50.04461],[20.20727,50.04401],[20.20505,50.04364],[20.20375,50.0436],[20.20112,50.04386],[20.19855,50.04469],[20.19486,50.04668],[20.19278,50.04756],[20.19135,50.048],[20.18853,50.04834],[20.18386,50.04802],[20.17861,50.04689],[20.16953,50.04457],[20.16816,50.04683],[20.16884,50.04757],[20.17189,50.04883],[20.17481,50.05122],[20.1785,50.05505],[20.17691,50.0563],[20.17334,50.05586],[20.16807,50.06202],[20.16915,50.06341],[20.17097,50.06409],[20.17403,50.06321],[20.17482,50.06278],[20.17503,50.06246],[20.17642,50.06251],[20.18395,50.06633],[20.1836,50.06775],[20.18156,50.07153],[20.18121,50.07901],[20.19051,50.07999],[20.1914,50.08111],[20.1924,50.08065],[20.1927,50.08044],[20.19283,50.07979],[20.19335,50.07963],[20.19361,50.07911],[20.19461,50.07878],[20.19459,50.07822],[20.19553,50.07814],[20.19561,50.07639],[20.19685,50.07608],[20.19709,50.07562],[20.19942,50.0749],[20.19956,50.07424],[20.19523,50.07396],[20.19535,50.07372],[20.19445,50.07343],[20.19296,50.07228],[20.19275,50.07126],[20.19301,50.07047],[20.19476,50.06976],[20.19755,50.06915],[20.19896,50.06815],[20.19918,50.067],[20.20264,50.06583],[20.20428,50.06497]]]}},{"type":"Feature","properties":{"nr":"406","dzielnica":"Dzielnica VIII"},"geometry":{"type":"Polygon","coordinates":[[[19.87835,50.0],[19.88026,50.00007],[19.88038,50.00095],[19.87956,50.00268],[19.87789,50.0038],[19.87706,50.00508],[19.87694,50.00562],[19.87881,50.00617],[19.87874,50.0068],[19.88094,50.00714],[19.88503,50.00714],[19.88845,50.00666],[19.89003,50.00681],[19.88982,50.00564],[19.88882,50.00267],[19.89117,50.00148],[19.89397,49.99975],[19.89398,49.99827],[19.89493,49.99831],[19.89582,49.9961],[19.89556,49.99634],[19.89554,49.99593],[19.89485,49.99487],[19.88645,49.99595],[19.88126,49.9969],[19.87934,49.9983],[19.87957,49.99853],[19.87398,49.99833],[19.87321,49.99993],[19.87455,49.99958],[19.87519,49.99959],[19.87527,49.99993],[19.87647,49.99994],[19.87627,49.9994],[19.87757,49.99945],[19.87779,49.99997],[19.87835,50.0]]]}},{"type":"Feature","properties":{"nr":"407","dzielnica":"Dzielnica VIII"},"geometry":{"type":"Polygon","coordinates":[[[19.88783,50.01634],[19.88923,50.01635],[19.88929,50.01546],[19.88878,50.01404],[19.8876,50.0125],[19.88778,50.01212],[19.88772,50.0107],[19.88471,50.01047],[19.88403,50.01069],[19.88057,50.01066],[19.88031,50.01342],[19.8795,50.0134],[19.87943,50.014],[19.88003,50.01399],[19.88012,50.01522],[19.87832,50.0152],[19.8783,50.01542],[19.87865,50.01561],[19.87894,50.01617],[19.87926,50.01625],[19.87979,50.01594],[19.88114,50.01614],[19.88146,50.01569],[19.88307,50.01597],[19.88331,50.01562],[19.88494,50.01583],[19.88456,50.01638],[19.88677,50.01699],[19.88783,50.01634]]]}},{"type":"Feature","properties":{"nr":"408","dzielnica":"Dzielnica XII"},"geometry":{"type":"Polygon","coordinates":[[[20.04902,50.02206],[20.04908,50.0215],[20.05373,50.02149],[20.05377,50.02191],[20.05524,50.0219],[20.05513,50.0207],[20.05441,50.0207],[20.05438,50.02012],[20.05485,50.01989],[20.05475,50.01881],[20.05498,50.01844],[20.05607,50.01857],[20.05622,50.01754],[20.05383,50.01769],[20.05004,50.01827],[20.05052,50.01908],[20.05097,50.01939],[20.04974,50.01965],[20.04996,50.02007],[20.04882,50.02033],[20.04706,50.02032],[20.0469,50.02054],[20.04739,50.02224],[20.0491,50.02231],[20.04902,50.02206]]]}},{"type":"Feature","properties":{"nr":"409","dzielnica":"Dzielnica VI"},"geometry":{"type":"Polygon","coordinates":[[[19.88067,50.08368],[19.88039,50.08336],[19.8807,50.08294],[19.87593,50.08262],[19.8768,50.08561],[19.87293,50.08565],[19.87165,50.08701],[19.86716,50.08822],[19.86257,50.09047],[19.86113,50.09165],[19.86105,50.09222],[19.86769,50.09943],[19.86894,50.09786],[19.87365,50.09557],[19.8779,50.09272],[19.88114,50.09123],[19.88031,50.09019],[19.87965,50.08997],[19.8795,50.08963],[19.88149,50.08907],[19.88203,50.08814],[19.88166,50.0879],[19.88115,50.08697],[19.88149,50.08672],[19.88116,50.08609],[19.88125,50.08572],[19.88091,50.0857],[19.88058,50.0853],[19.8803,50.08427],[19.88067,50.08368]]]}},{"type":"Feature","properties":{"nr":"410","dzielnica":"Dzielnica XIV"},"geometry":{"type":"Polygon","coordinates":[[[20.00612,50.08058],[20.00364,50.08115],[20.00254,50.07889],[20.00218,50.0785],[20.00006,50.07902],[19.99942,50.07967],[19.99864,50.08092],[19.99855,50.08223],[19.99878,50.08293],[20.00277,50.08214],[20.00258,50.08176],[20.0037,50.08151],[20.00391,50.08188],[20.00494,50.08166],[20.00565,50.08193],[20.00674,50.08172],[20.00612,50.08058]]]}},{"type":"Feature","properties":{"nr":"411","dzielnica":"Dzielnica XVII"},"geometry":{"type":"Polygon","coordinates":[[[20.05582,50.10239],[20.05319,50.10444],[20.05063,50.10741],[20.05046,50.108],[20.04882,50.10962],[20.04926,50.10966],[20.05009,50.11025],[20.05076,50.11029],[20.05106,50.11056],[20.05036,50.11094],[20.05072,50.11119],[20.05187,50.11064],[20.05218,50.11088],[20.05209,50.11124],[20.05252,50.11209],[20.0535,50.11282],[20.05462,50.11289],[20.05548,50.11259],[20.05643,50.1126],[20.05807,50.11374],[20.05848,50.11469],[20.06178,50.11426],[20.06159,50.11353],[20.06383,50.11344],[20.06705,50.11402],[20.07015,50.11393],[20.07026,50.11274],[20.07313,50.11272],[20.07646,50.11296],[20.07904,50.11235],[20.07769,50.11154],[20.07549,50.10949],[20.07622,50.10919],[20.07403,50.10809],[20.07358,50.10849],[20.0728,50.10807],[20.07303,50.10782],[20.07291,50.10767],[20.07324,50.10603],[20.06983,50.104],[20.06235,50.10417],[20.06124,50.10392],[20.06029,50.10338],[20.05582,50.10239]]]}},{"type":"Feature","properties":{"nr":"412","dzielnica":"Dzielnica IV"},"geometry":{"type":"Polygon","coordinates":[[[19.91287,50.10828],[19.91218,50.10822],[19.9121,50.1084],[19.90346,50.10813],[19.90292,50.10798],[19.90113,50.10922],[19.89959,50.10852],[19.89965,50.10778],[19.89896,50.10774],[19.8983,50.10725],[19.89597,50.10721],[19.88481,50.10572],[19.88005,50.10823],[19.87539,50.11113],[19.8767,50.11264],[19.87679,50.11351],[19.87819,50.11613],[19.87929,50.11886],[19.88052,50.12018],[19.88226,50.12139],[19.88468,50.12219],[19.88703,50.12227],[19.88957,50.12277],[19.89144,50.12251],[19.89136,50.12301],[19.8906,50.12362],[19.8905,50.12401],[19.89256,50.12439],[19.8924,50.12508],[19.89255,50.1261],[19.89828,50.12611],[19.89836,50.12571],[19.89958,50.12579],[19.89934,50.12543],[19.89832,50.12534],[19.89834,50.12503],[19.89891,50.12501],[19.90051,50.12551],[19.90087,50.12506],[19.9011,50.12511],[19.90141,50.1244],[19.90196,50.12384],[19.90261,50.12324],[19.90524,50.12163],[19.90849,50.11821],[19.90947,50.11556],[19.91079,50.11265],[19.91227,50.10995],[19.91287,50.10828]]]}}]}